gene,all,hvg,svg,marker
A2M,TRUE,TRUE,FALSE,FALSE
AAMDC,TRUE,FALSE,FALSE,FALSE
ABCA3,TRUE,FALSE,FALSE,FALSE
ABCA7,TRUE,FALSE,FALSE,FALSE
ABCF3,TRUE,FALSE,FALSE,FALSE
ABHD14A,TRUE,FALSE,FALSE,FALSE
ABHD4,TRUE,FALSE,FALSE,FALSE
ACAA1,TRUE,FALSE,FALSE,FALSE
ACER3,TRUE,FALSE,FALSE,FALSE
ACTR3B,TRUE,FALSE,FALSE,FALSE
ADAM15,TRUE,FALSE,FALSE,FALSE
ADCY3,TRUE,FALSE,FALSE,FALSE
ADI1,TRUE,FALSE,FALSE,FALSE
AEBP1,TRUE,FALSE,TRUE,FALSE
AES,TRUE,FALSE,TRUE,FALSE
AGAP2,TRUE,FALSE,FALSE,FALSE
AGO2,TRUE,FALSE,FALSE,FALSE
AGPAT2,TRUE,FALSE,FALSE,FALSE
AGR2,TRUE,FALSE,FALSE,FALSE
AHCY,TRUE,FALSE,FALSE,FALSE
AKAP9,TRUE,FALSE,FALSE,FALSE
AKR1A1,TRUE,FALSE,FALSE,FALSE
AKT1S1,TRUE,FALSE,FALSE,FALSE
ALDH16A1,TRUE,FALSE,FALSE,FALSE
ALG3,TRUE,FALSE,FALSE,FALSE
ANGPTL4,TRUE,FALSE,FALSE,FALSE
ANKLE2,TRUE,FALSE,FALSE,FALSE
ANKRD12,TRUE,FALSE,FALSE,FALSE
ANKRD28,TRUE,FALSE,FALSE,FALSE
ANLN,TRUE,FALSE,FALSE,FALSE
ANO10,TRUE,FALSE,FALSE,FALSE
AP5B1,TRUE,FALSE,FALSE,FALSE
AP5Z1,TRUE,FALSE,FALSE,FALSE
APBA2,TRUE,FALSE,FALSE,FALSE
APBB2,TRUE,FALSE,FALSE,FALSE
APOBEC3G,TRUE,FALSE,FALSE,FALSE
APOC1,TRUE,TRUE,FALSE,FALSE
AQP1,TRUE,TRUE,FALSE,FALSE
ARF5,TRUE,FALSE,FALSE,FALSE
ARF6,TRUE,FALSE,FALSE,FALSE
ARFGEF2,TRUE,FALSE,FALSE,FALSE
ARHGAP10,TRUE,FALSE,FALSE,FALSE
ARHGAP4,TRUE,FALSE,FALSE,FALSE
ARHGAP45,TRUE,FALSE,FALSE,FALSE
ARHGAP5,TRUE,FALSE,FALSE,FALSE
ARHGEF10L,TRUE,FALSE,FALSE,FALSE
ARHGEF3,TRUE,FALSE,FALSE,FALSE
ARHGEF40,TRUE,FALSE,FALSE,FALSE
ARID1B,TRUE,FALSE,FALSE,FALSE
ARID3A,TRUE,FALSE,FALSE,FALSE
ARID4A,TRUE,FALSE,FALSE,FALSE
ARID5A,TRUE,FALSE,FALSE,FALSE
ARID5B,TRUE,FALSE,FALSE,FALSE
ARNT,TRUE,FALSE,FALSE,FALSE
ASCL2,TRUE,FALSE,FALSE,FALSE
ASH2L,TRUE,FALSE,FALSE,FALSE
ASL,TRUE,FALSE,FALSE,FALSE
ASMTL,TRUE,FALSE,FALSE,FALSE
ASNA1,TRUE,FALSE,FALSE,FALSE
ASNS,TRUE,FALSE,FALSE,FALSE
ATAD1,TRUE,FALSE,FALSE,FALSE
ATF6B,TRUE,FALSE,FALSE,FALSE
ATG12,TRUE,FALSE,FALSE,FALSE
ATG16L2,TRUE,FALSE,FALSE,FALSE
ATL2,TRUE,FALSE,FALSE,FALSE
ATP5H,TRUE,FALSE,FALSE,FALSE
ATP5O,TRUE,FALSE,FALSE,FALSE
ATP6AP1,TRUE,FALSE,TRUE,FALSE
ATP6V0D1,TRUE,FALSE,FALSE,FALSE
AURKAIP1,TRUE,FALSE,FALSE,FALSE
AVEN,TRUE,FALSE,FALSE,FALSE
BABAM1,TRUE,FALSE,FALSE,FALSE
BAD,TRUE,FALSE,FALSE,FALSE
BAG1,TRUE,FALSE,FALSE,FALSE
BAIAP3,TRUE,FALSE,FALSE,FALSE
BCAM,TRUE,FALSE,FALSE,FALSE
BCL2,TRUE,FALSE,FALSE,FALSE
BCL2L12,TRUE,FALSE,FALSE,FALSE
BGN,TRUE,FALSE,FALSE,FALSE
BICDL1,TRUE,FALSE,FALSE,FALSE
BIN3,TRUE,FALSE,FALSE,FALSE
BIRC2,TRUE,FALSE,FALSE,FALSE
BIRC5,TRUE,FALSE,FALSE,FALSE
BLVRA,TRUE,FALSE,FALSE,FALSE
BOK,TRUE,FALSE,FALSE,FALSE
BOLA3,TRUE,FALSE,FALSE,FALSE
BRD9,TRUE,FALSE,FALSE,FALSE
BRF1,TRUE,FALSE,FALSE,FALSE
BRF2,TRUE,FALSE,FALSE,FALSE
BRK1,TRUE,FALSE,FALSE,FALSE
BRPF1,TRUE,FALSE,FALSE,FALSE
BSG,TRUE,FALSE,TRUE,FALSE
BST2,TRUE,FALSE,FALSE,FALSE
BTG1,TRUE,FALSE,FALSE,FALSE
C10orf10,TRUE,FALSE,FALSE,FALSE
C10orf54,TRUE,FALSE,FALSE,FALSE
C12orf45,TRUE,FALSE,FALSE,FALSE
C15orf61,TRUE,FALSE,FALSE,FALSE
C19orf24,TRUE,FALSE,FALSE,FALSE
C19orf52,TRUE,FALSE,FALSE,FALSE
C19orf60,TRUE,FALSE,FALSE,FALSE
C1QB,TRUE,FALSE,FALSE,FALSE
C1R,TRUE,FALSE,FALSE,FALSE
C1S,TRUE,FALSE,FALSE,FALSE
C1orf216,TRUE,FALSE,FALSE,FALSE
C2,TRUE,FALSE,FALSE,FALSE
C2CD2L,TRUE,FALSE,FALSE,FALSE
C3,TRUE,TRUE,FALSE,FALSE
C4orf48,TRUE,TRUE,FALSE,FALSE
C5orf38,TRUE,FALSE,FALSE,FALSE
C6orf136,TRUE,FALSE,FALSE,FALSE
C6orf48,TRUE,FALSE,FALSE,FALSE
CADM4,TRUE,FALSE,FALSE,FALSE
CALML5,TRUE,FALSE,FALSE,FALSE
CAMTA2,TRUE,FALSE,FALSE,FALSE
CAPG,TRUE,FALSE,FALSE,FALSE
CARS2,TRUE,FALSE,FALSE,FALSE
CBLC,TRUE,FALSE,FALSE,FALSE
CCDC106,TRUE,FALSE,FALSE,FALSE
CCDC167,TRUE,FALSE,FALSE,FALSE
CCDC57,TRUE,FALSE,FALSE,FALSE
CCDC80,TRUE,FALSE,FALSE,FALSE
CCDC88B,TRUE,FALSE,FALSE,FALSE
CCL19,TRUE,TRUE,FALSE,FALSE
CCL2,TRUE,FALSE,FALSE,FALSE
CCL21,TRUE,FALSE,FALSE,FALSE
CCM2,TRUE,FALSE,FALSE,FALSE
CCNB1,TRUE,FALSE,FALSE,FALSE
CCNB1IP1,TRUE,FALSE,FALSE,FALSE
CCNE1,TRUE,FALSE,FALSE,FALSE
CCNE2,TRUE,FALSE,FALSE,FALSE
CCS,TRUE,FALSE,FALSE,FALSE
CCT4,TRUE,FALSE,FALSE,FALSE
CD14,TRUE,FALSE,FALSE,FALSE
CD320,TRUE,FALSE,FALSE,FALSE
CD3D,TRUE,FALSE,FALSE,FALSE
CD4,TRUE,FALSE,FALSE,FALSE
CD52,TRUE,FALSE,FALSE,FALSE
CD68,TRUE,FALSE,FALSE,FALSE
CD74,TRUE,TRUE,FALSE,FALSE
CD79A,TRUE,FALSE,FALSE,FALSE
CDC20,TRUE,FALSE,FALSE,FALSE
CDC6,TRUE,FALSE,FALSE,FALSE
CDH11,TRUE,FALSE,FALSE,FALSE
CDH3,TRUE,FALSE,FALSE,FALSE
CDK5RAP1,TRUE,FALSE,FALSE,FALSE
CENPF,TRUE,FALSE,FALSE,FALSE
CEP250,TRUE,FALSE,FALSE,FALSE
CEP55,TRUE,FALSE,FALSE,FALSE
CERCAM,TRUE,FALSE,FALSE,FALSE
CERS5,TRUE,FALSE,FALSE,FALSE
CES2,TRUE,FALSE,FALSE,FALSE
CFAP36,TRUE,FALSE,FALSE,FALSE
CFDP1,TRUE,FALSE,FALSE,FALSE
CGGBP1,TRUE,FALSE,FALSE,FALSE
CHCHD6,TRUE,FALSE,FALSE,FALSE
CHD1,TRUE,FALSE,FALSE,FALSE
CHD6,TRUE,FALSE,FALSE,FALSE
CHFR,TRUE,FALSE,FALSE,FALSE
CHST11,TRUE,FALSE,FALSE,FALSE
CIR1,TRUE,FALSE,FALSE,FALSE
CLASRP,TRUE,FALSE,FALSE,FALSE
CLDN3,TRUE,FALSE,TRUE,FALSE
CLDN4,TRUE,FALSE,TRUE,FALSE
CLU,TRUE,FALSE,FALSE,FALSE
CNN2,TRUE,FALSE,FALSE,FALSE
COL14A1,TRUE,FALSE,FALSE,FALSE
COL3A1,TRUE,TRUE,FALSE,FALSE
COL4A1,TRUE,FALSE,FALSE,FALSE
COL6A2,TRUE,FALSE,FALSE,FALSE
COL8A2,TRUE,FALSE,FALSE,FALSE
COMMD1,TRUE,FALSE,FALSE,FALSE
COMP,TRUE,FALSE,FALSE,FALSE
COPS7A,TRUE,FALSE,FALSE,FALSE
COQ4,TRUE,FALSE,FALSE,FALSE
CORO1A,TRUE,FALSE,FALSE,FALSE
CORO1B,TRUE,FALSE,FALSE,FALSE
CORO2A,TRUE,FALSE,FALSE,FALSE
CORO7,TRUE,FALSE,FALSE,FALSE
COX5A,TRUE,FALSE,FALSE,FALSE
CPNE1,TRUE,FALSE,FALSE,FALSE
CPSF1,TRUE,FALSE,FALSE,FALSE
CPVL,TRUE,FALSE,FALSE,FALSE
CRABP2,TRUE,FALSE,FALSE,FALSE
CRACR2B,TRUE,FALSE,FALSE,FALSE
CRELD2,TRUE,FALSE,FALSE,FALSE
CROCC,TRUE,FALSE,FALSE,FALSE
CSF1,TRUE,FALSE,FALSE,FALSE
CSF1R,TRUE,FALSE,FALSE,FALSE
CTDSPL,TRUE,FALSE,FALSE,FALSE
CTIF,TRUE,FALSE,FALSE,FALSE
CTSK,TRUE,FALSE,FALSE,FALSE
CTU2,TRUE,FALSE,FALSE,FALSE
CUTC,TRUE,FALSE,FALSE,FALSE
CUX1,TRUE,FALSE,FALSE,FALSE
CX3CL1,TRUE,FALSE,FALSE,FALSE
CXCL10,TRUE,FALSE,FALSE,FALSE
CXXC5,TRUE,FALSE,FALSE,FALSE
CYP27A1,TRUE,FALSE,FALSE,FALSE
DAPK3,TRUE,FALSE,FALSE,FALSE
DCAF6,TRUE,FALSE,FALSE,FALSE
DCXR,TRUE,FALSE,FALSE,FALSE
DDAH1,TRUE,FALSE,FALSE,FALSE
DDB2,TRUE,FALSE,FALSE,FALSE
DDIT3,TRUE,FALSE,FALSE,FALSE
DDRGK1,TRUE,FALSE,FALSE,FALSE
DDT,TRUE,FALSE,FALSE,FALSE
DEAF1,TRUE,FALSE,FALSE,FALSE
DENND1A,TRUE,FALSE,FALSE,FALSE
DERL3,TRUE,FALSE,FALSE,FALSE
DESI1,TRUE,FALSE,FALSE,FALSE
DHX16,TRUE,FALSE,FALSE,FALSE
DLG1,TRUE,FALSE,FALSE,FALSE
DMAP1,TRUE,FALSE,FALSE,FALSE
DNAJB2,TRUE,FALSE,FALSE,FALSE
DNAJC1,TRUE,FALSE,FALSE,FALSE
DNAJC7,TRUE,FALSE,FALSE,FALSE
DOCK6,TRUE,FALSE,FALSE,FALSE
DPH3,TRUE,FALSE,FALSE,FALSE
DPM2,TRUE,FALSE,FALSE,FALSE
DPP7,TRUE,FALSE,FALSE,FALSE
DPP9,TRUE,FALSE,FALSE,FALSE
DPYSL3,TRUE,FALSE,FALSE,FALSE
DVL1,TRUE,FALSE,FALSE,FALSE
EBAG9,TRUE,FALSE,FALSE,FALSE
ECHDC2,TRUE,FALSE,FALSE,FALSE
ECM1,TRUE,FALSE,FALSE,FALSE
EFEMP2,TRUE,FALSE,FALSE,FALSE
EFHD2,TRUE,FALSE,FALSE,FALSE
EGFR,TRUE,FALSE,FALSE,FALSE
EIF1AD,TRUE,FALSE,FALSE,FALSE
EIF3B,TRUE,FALSE,FALSE,FALSE
EIF3F,TRUE,FALSE,FALSE,FALSE
EIF3G,TRUE,FALSE,FALSE,FALSE
ELN,TRUE,FALSE,FALSE,FALSE
ELOF1,TRUE,FALSE,FALSE,FALSE
EMC3,TRUE,FALSE,FALSE,FALSE
ENPP1,TRUE,FALSE,FALSE,FALSE
EPHB3,TRUE,FALSE,FALSE,FALSE
ERAL1,TRUE,FALSE,FALSE,FALSE
ERBB2,TRUE,FALSE,TRUE,TRUE
ERI3,TRUE,FALSE,FALSE,FALSE
ERMP1,TRUE,FALSE,FALSE,FALSE
ESR1,TRUE,FALSE,FALSE,FALSE
ETFB,TRUE,FALSE,FALSE,FALSE
EVA1B,TRUE,FALSE,FALSE,FALSE
EXD3,TRUE,FALSE,FALSE,FALSE
EXO1,TRUE,FALSE,FALSE,FALSE
EXOC5,TRUE,FALSE,FALSE,FALSE
EXOSC1,TRUE,FALSE,FALSE,FALSE
EXOSC10,TRUE,TRUE,FALSE,FALSE
EXOSC2,TRUE,FALSE,FALSE,FALSE
EZH2,TRUE,FALSE,FALSE,FALSE
FAAH,TRUE,FALSE,FALSE,FALSE
FADS2,TRUE,FALSE,FALSE,FALSE
FAH,TRUE,FALSE,FALSE,FALSE
FAIM2,TRUE,FALSE,FALSE,FALSE
FAM102A,TRUE,FALSE,FALSE,FALSE
FAM117A,TRUE,FALSE,FALSE,FALSE
FAM118A,TRUE,FALSE,FALSE,FALSE
FAM160B1,TRUE,FALSE,FALSE,FALSE
FAM173A,TRUE,FALSE,FALSE,FALSE
FAM193B,TRUE,FALSE,FALSE,FALSE
FAM213B,TRUE,FALSE,FALSE,FALSE
FAM3A,TRUE,FALSE,FALSE,FALSE
FAM45A,TRUE,FALSE,FALSE,FALSE
FAP,TRUE,FALSE,FALSE,FALSE
FARP1,TRUE,FALSE,FALSE,FALSE
FARSB,TRUE,FALSE,FALSE,FALSE
FASN,TRUE,FALSE,TRUE,FALSE
FBF1,TRUE,FALSE,FALSE,FALSE
FBLN2,TRUE,FALSE,FALSE,FALSE
FCER1G,TRUE,FALSE,FALSE,FALSE
FDPS,TRUE,FALSE,FALSE,FALSE
FGFR1,TRUE,FALSE,FALSE,FALSE
FGFR4,TRUE,FALSE,FALSE,TRUE
FKBP10,TRUE,FALSE,FALSE,FALSE
FKBP8,TRUE,FALSE,FALSE,FALSE
FLNA,TRUE,FALSE,TRUE,FALSE
FN1,TRUE,TRUE,FALSE,FALSE
FNBP4,TRUE,FALSE,FALSE,FALSE
FOXA1,TRUE,FALSE,FALSE,FALSE
FOXC1,TRUE,FALSE,FALSE,FALSE
FOXP4,TRUE,FALSE,FALSE,FALSE
FSTL1,TRUE,FALSE,FALSE,FALSE
FSTL3,TRUE,FALSE,FALSE,FALSE
FUOM,TRUE,FALSE,FALSE,FALSE
FUS,TRUE,FALSE,FALSE,FALSE
FZD2,TRUE,FALSE,FALSE,FALSE
GALK1,TRUE,FALSE,FALSE,FALSE
GANAB,TRUE,FALSE,FALSE,FALSE
GAR1,TRUE,FALSE,FALSE,FALSE
GAS6,TRUE,FALSE,FALSE,FALSE
GATA3,TRUE,FALSE,FALSE,FALSE
GATC,TRUE,FALSE,FALSE,FALSE
GBP1,TRUE,FALSE,FALSE,FALSE
GBP2,TRUE,FALSE,FALSE,FALSE
GBP3,TRUE,FALSE,FALSE,FALSE
GBP4,TRUE,FALSE,FALSE,FALSE
GBP5,TRUE,FALSE,FALSE,FALSE
GEMIN4,TRUE,FALSE,FALSE,FALSE
GLCCI1,TRUE,FALSE,FALSE,FALSE
GLG1,TRUE,FALSE,FALSE,FALSE
GLTSCR2,TRUE,TRUE,FALSE,FALSE
GMFG,TRUE,TRUE,FALSE,FALSE
GMPPA,TRUE,FALSE,FALSE,FALSE
GNAI2,TRUE,FALSE,FALSE,FALSE
GNAS,TRUE,FALSE,TRUE,FALSE
GNL2,TRUE,FALSE,FALSE,FALSE
GPR108,TRUE,FALSE,FALSE,FALSE
GPR160,TRUE,FALSE,FALSE,TRUE
GPRC5A,TRUE,FALSE,FALSE,FALSE
GPS1,TRUE,FALSE,FALSE,FALSE
GPSM1,TRUE,FALSE,FALSE,FALSE
GPX3,TRUE,TRUE,FALSE,FALSE
GRB7,TRUE,FALSE,TRUE,TRUE
GRK3,TRUE,FALSE,FALSE,FALSE
GSK3A,TRUE,FALSE,FALSE,FALSE
GSTM3,TRUE,FALSE,FALSE,FALSE
GYPC,TRUE,FALSE,FALSE,FALSE
HAGHL,TRUE,FALSE,FALSE,FALSE
HCFC1R1,TRUE,FALSE,FALSE,FALSE
HCST,TRUE,FALSE,FALSE,FALSE
HDAC5,TRUE,FALSE,FALSE,FALSE
HDAC6,TRUE,FALSE,FALSE,FALSE
HELZ2,TRUE,FALSE,FALSE,FALSE
HES1,TRUE,FALSE,FALSE,FALSE
HLA-B,TRUE,TRUE,FALSE,FALSE
HLA-DMA,TRUE,FALSE,FALSE,FALSE
HLA-DMB,TRUE,FALSE,FALSE,FALSE
HLA-DOA,TRUE,FALSE,FALSE,FALSE
HLA-DPA1,TRUE,TRUE,FALSE,FALSE
HLA-DPB1,TRUE,TRUE,FALSE,FALSE
HLA-DRA,TRUE,TRUE,FALSE,FALSE
HLA-DRB1,TRUE,FALSE,FALSE,FALSE
HMGB2,TRUE,FALSE,FALSE,FALSE
HNRNPUL2,TRUE,FALSE,FALSE,FALSE
HOOK3,TRUE,FALSE,FALSE,FALSE
HPS6,TRUE,FALSE,FALSE,FALSE
HSD17B1,TRUE,FALSE,FALSE,FALSE
HSPA4,TRUE,FALSE,FALSE,FALSE
HSPB1,TRUE,FALSE,TRUE,FALSE
HSPB11,TRUE,FALSE,FALSE,FALSE
HYI,TRUE,FALSE,FALSE,FALSE
IDH3G,TRUE,FALSE,FALSE,FALSE
IDUA,TRUE,FALSE,FALSE,FALSE
IER5L,TRUE,FALSE,FALSE,FALSE
IFI27,TRUE,FALSE,FALSE,FALSE
IFI27L1,TRUE,FALSE,FALSE,FALSE
IFI44L,TRUE,FALSE,FALSE,FALSE
IGFBP2,TRUE,FALSE,TRUE,FALSE
IGFBP4,TRUE,FALSE,FALSE,FALSE
IGHA1,TRUE,TRUE,FALSE,FALSE
IGHG3,TRUE,TRUE,FALSE,FALSE
IGHG4,TRUE,TRUE,FALSE,FALSE
IGHM,TRUE,TRUE,FALSE,FALSE
IGKC,TRUE,TRUE,FALSE,FALSE
IGLC2,TRUE,TRUE,FALSE,FALSE
IGLC3,TRUE,TRUE,FALSE,FALSE
IGLC7,TRUE,TRUE,FALSE,FALSE
IKZF3,TRUE,FALSE,FALSE,FALSE
IL10RA,TRUE,FALSE,FALSE,FALSE
ILKAP,TRUE,FALSE,FALSE,FALSE
INAFM1,TRUE,FALSE,FALSE,FALSE
INPP4B,TRUE,FALSE,FALSE,FALSE
INPP5D,TRUE,FALSE,FALSE,FALSE
INPP5J,TRUE,FALSE,FALSE,FALSE
INTS8,TRUE,FALSE,FALSE,FALSE
ISG15,TRUE,TRUE,FALSE,FALSE
ISLR,TRUE,FALSE,FALSE,FALSE
ITGA5,TRUE,FALSE,FALSE,FALSE
ITGB4,TRUE,FALSE,FALSE,FALSE
ITGB6,TRUE,FALSE,FALSE,FALSE
ITSN1,TRUE,FALSE,FALSE,FALSE
JAG2,TRUE,FALSE,FALSE,FALSE
JAK1,TRUE,FALSE,FALSE,FALSE
JAK3,TRUE,FALSE,FALSE,FALSE
JCHAIN,TRUE,TRUE,FALSE,FALSE
JMJD6,TRUE,FALSE,FALSE,FALSE
KAT6B,TRUE,FALSE,FALSE,FALSE
KATNA1,TRUE,FALSE,FALSE,FALSE
KCNAB2,TRUE,FALSE,FALSE,FALSE
KCTD10,TRUE,FALSE,FALSE,FALSE
KDM4B,TRUE,FALSE,FALSE,FALSE
KIAA0895L,TRUE,FALSE,FALSE,FALSE
KIAA1211L,TRUE,FALSE,FALSE,FALSE
KIAA1217,TRUE,FALSE,FALSE,FALSE
KIAA1468,TRUE,FALSE,FALSE,FALSE
KIAA1715,TRUE,FALSE,FALSE,FALSE
KIF13B,TRUE,FALSE,FALSE,FALSE
KIF2C,TRUE,FALSE,FALSE,FALSE
KLF9,TRUE,FALSE,FALSE,FALSE
KMT2B,TRUE,FALSE,FALSE,FALSE
KMT2E,TRUE,FALSE,FALSE,FALSE
KPNB1,TRUE,FALSE,FALSE,FALSE
KRAS,TRUE,FALSE,FALSE,FALSE
KRT10,TRUE,FALSE,FALSE,FALSE
KRT14,TRUE,FALSE,FALSE,FALSE
KRT17,TRUE,TRUE,FALSE,FALSE
KRT5,TRUE,FALSE,FALSE,FALSE
KRT8,TRUE,FALSE,TRUE,FALSE
KRT86,TRUE,TRUE,FALSE,FALSE
LAMB2,TRUE,FALSE,FALSE,FALSE
LAMTOR2,TRUE,FALSE,FALSE,FALSE
LANCL1,TRUE,FALSE,FALSE,FALSE
LARP1B,TRUE,FALSE,FALSE,FALSE
LARP7,TRUE,FALSE,FALSE,FALSE
LCK,TRUE,FALSE,FALSE,FALSE
LCP1,TRUE,FALSE,FALSE,FALSE
LGALS1,TRUE,FALSE,FALSE,FALSE
LIMCH1,TRUE,FALSE,FALSE,FALSE
LIMK1,TRUE,FALSE,FALSE,FALSE
LINC00176,TRUE,FALSE,FALSE,FALSE
LINGO1,TRUE,FALSE,FALSE,FALSE
LLGL1,TRUE,FALSE,FALSE,FALSE
LMF1,TRUE,FALSE,FALSE,FALSE
LMNA,TRUE,FALSE,TRUE,FALSE
LRRC8A,TRUE,FALSE,FALSE,FALSE
LRWD1,TRUE,FALSE,FALSE,FALSE
LST1,TRUE,FALSE,FALSE,FALSE
LTB4R,TRUE,FALSE,FALSE,FALSE
LTBP3,TRUE,FALSE,FALSE,FALSE
LTF,TRUE,TRUE,FALSE,FALSE
LUC7L,TRUE,FALSE,FALSE,FALSE
LUC7L3,TRUE,FALSE,FALSE,FALSE
LUM,TRUE,FALSE,FALSE,FALSE
LYL1,TRUE,FALSE,FALSE,FALSE
MAGEF1,TRUE,FALSE,FALSE,FALSE
MAGI1,TRUE,FALSE,FALSE,FALSE
MAGOHB,TRUE,FALSE,FALSE,FALSE
MAP1S,TRUE,FALSE,FALSE,FALSE
MAP3K14,TRUE,FALSE,FALSE,FALSE
MAP3K6,TRUE,FALSE,FALSE,FALSE
MAP4K2,TRUE,FALSE,FALSE,FALSE
MAPK9,TRUE,FALSE,FALSE,FALSE
MAPKAPK5,TRUE,FALSE,FALSE,FALSE
MAPT,TRUE,FALSE,FALSE,FALSE
MARS,TRUE,FALSE,FALSE,FALSE
MAVS,TRUE,FALSE,FALSE,FALSE
MCTS1,TRUE,FALSE,FALSE,FALSE
MDM2,TRUE,FALSE,FALSE,FALSE
MED13L,TRUE,FALSE,FALSE,FALSE
MED25,TRUE,FALSE,FALSE,FALSE
MELK,TRUE,FALSE,FALSE,FALSE
MEN1,TRUE,FALSE,FALSE,FALSE
METTL12,TRUE,FALSE,FALSE,FALSE
METTL16,TRUE,FALSE,FALSE,FALSE
MFAP4,TRUE,FALSE,FALSE,FALSE
MFSD3,TRUE,FALSE,FALSE,FALSE
MFSD7,TRUE,FALSE,FALSE,FALSE
MGMT,TRUE,FALSE,FALSE,FALSE
MGP,TRUE,TRUE,TRUE,FALSE
MIA,TRUE,FALSE,FALSE,FALSE
MIB2,TRUE,FALSE,FALSE,FALSE
MICAL1,TRUE,FALSE,FALSE,FALSE
MICALL2,TRUE,FALSE,FALSE,FALSE
MID1IP1,TRUE,FALSE,FALSE,FALSE
MIF,TRUE,FALSE,FALSE,FALSE
MIIP,TRUE,FALSE,FALSE,FALSE
MKI67,TRUE,FALSE,FALSE,FALSE
MKNK1,TRUE,FALSE,FALSE,FALSE
MLLT4,TRUE,FALSE,FALSE,FALSE
MLPH,TRUE,FALSE,FALSE,FALSE
MLST8,TRUE,FALSE,FALSE,FALSE
MMP11,TRUE,FALSE,FALSE,FALSE
MMP9,TRUE,TRUE,FALSE,FALSE
MORC2,TRUE,FALSE,FALSE,FALSE
MPND,TRUE,FALSE,FALSE,FALSE
MPST,TRUE,FALSE,FALSE,FALSE
MRPL2,TRUE,FALSE,FALSE,FALSE
MRPL21,TRUE,FALSE,FALSE,FALSE
MRPL23,TRUE,FALSE,FALSE,FALSE
MRPL51,TRUE,FALSE,FALSE,FALSE
MRPL54,TRUE,FALSE,FALSE,FALSE
MRPS22,TRUE,FALSE,FALSE,FALSE
MS4A6A,TRUE,FALSE,FALSE,FALSE
MST1R,TRUE,FALSE,FALSE,FALSE
MTG2,TRUE,FALSE,FALSE,FALSE
MTMR12,TRUE,FALSE,FALSE,FALSE
MUC1,TRUE,FALSE,FALSE,FALSE
MUCL1,TRUE,TRUE,FALSE,FALSE
MUS81,TRUE,FALSE,FALSE,FALSE
MVP,TRUE,FALSE,FALSE,FALSE
MX2,TRUE,FALSE,FALSE,FALSE
MYBL2,TRUE,FALSE,FALSE,FALSE
MYC,TRUE,FALSE,FALSE,FALSE
MYH10,TRUE,FALSE,FALSE,FALSE
MYL12B,TRUE,FALSE,FALSE,FALSE
MYL6B,TRUE,FALSE,FALSE,FALSE
MYL9,TRUE,FALSE,FALSE,FALSE
MYO1G,TRUE,FALSE,FALSE,FALSE
MYO9B,TRUE,FALSE,FALSE,FALSE
MZT2A,TRUE,FALSE,FALSE,FALSE
NAA10,TRUE,FALSE,FALSE,FALSE
NANS,TRUE,FALSE,FALSE,FALSE
NAT1,TRUE,FALSE,FALSE,FALSE
NCKAP1L,TRUE,FALSE,FALSE,FALSE
NCKAP5L,TRUE,FALSE,FALSE,FALSE
NDC80,TRUE,FALSE,FALSE,FALSE
NDRG1,TRUE,FALSE,TRUE,FALSE
NDUFA1,TRUE,TRUE,FALSE,FALSE
NDUFA12,TRUE,FALSE,FALSE,FALSE
NDUFB2,TRUE,FALSE,FALSE,FALSE
NDUFB3,TRUE,FALSE,FALSE,FALSE
NDUFB9,TRUE,FALSE,TRUE,FALSE
NDUFC1,TRUE,FALSE,FALSE,FALSE
NDUFS1,TRUE,FALSE,FALSE,FALSE
NDUFV3,TRUE,FALSE,FALSE,FALSE
NEBL,TRUE,FALSE,FALSE,FALSE
NEK7,TRUE,FALSE,FALSE,FALSE
NELFE,TRUE,FALSE,FALSE,FALSE
NFATC4,TRUE,FALSE,FALSE,FALSE
NFIC,TRUE,FALSE,FALSE,FALSE
NINJ1,TRUE,FALSE,FALSE,FALSE
NIT2,TRUE,FALSE,FALSE,FALSE
NMRAL1,TRUE,FALSE,FALSE,FALSE
NR1H2,TRUE,FALSE,FALSE,FALSE
NR4A1,TRUE,FALSE,FALSE,FALSE
NRP1,TRUE,FALSE,FALSE,FALSE
NSMCE1,TRUE,FALSE,FALSE,FALSE
NTMT1,TRUE,FALSE,FALSE,FALSE
NUF2,TRUE,FALSE,FALSE,FALSE
NUP214,TRUE,FALSE,FALSE,FALSE
NUP93,TRUE,FALSE,FALSE,FALSE
NXN,TRUE,FALSE,FALSE,FALSE
OASL,TRUE,FALSE,FALSE,FALSE
OGFRL1,TRUE,FALSE,FALSE,FALSE
OPTN,TRUE,FALSE,FALSE,FALSE
ORC2,TRUE,FALSE,FALSE,FALSE
ORC6,TRUE,FALSE,FALSE,FALSE
OSBPL8,TRUE,FALSE,FALSE,FALSE
P4HA2,TRUE,FALSE,FALSE,FALSE
PAF1,TRUE,FALSE,FALSE,FALSE
PAFAH1B3,TRUE,FALSE,FALSE,FALSE
PAQR4,TRUE,FALSE,FALSE,FALSE
PARN,TRUE,FALSE,FALSE,FALSE
PCCB,TRUE,FALSE,FALSE,FALSE
PCIF1,TRUE,FALSE,FALSE,FALSE
PDCD5,TRUE,FALSE,FALSE,FALSE
PDGFRA,TRUE,FALSE,FALSE,FALSE
PDGFRB,TRUE,FALSE,FALSE,FALSE
PER1,TRUE,FALSE,FALSE,FALSE
PEX11G,TRUE,FALSE,FALSE,FALSE
PEX14,TRUE,FALSE,FALSE,FALSE
PGLS,TRUE,FALSE,FALSE,FALSE
PGR,TRUE,FALSE,FALSE,FALSE
PHF11,TRUE,FALSE,FALSE,FALSE
PHF13,TRUE,FALSE,FALSE,FALSE
PHF21A,TRUE,FALSE,FALSE,FALSE
PHGDH,TRUE,FALSE,FALSE,FALSE
PHKB,TRUE,FALSE,FALSE,FALSE
PIGQ,TRUE,FALSE,FALSE,FALSE
PIH1D1,TRUE,FALSE,FALSE,FALSE
PILRA,TRUE,FALSE,FALSE,FALSE
PIM2,TRUE,FALSE,FALSE,FALSE
PITX1,TRUE,FALSE,FALSE,FALSE
PKNOX1,TRUE,FALSE,FALSE,FALSE
PLAC9,TRUE,FALSE,FALSE,FALSE
PLEKHO2,TRUE,FALSE,FALSE,FALSE
PLIN2,TRUE,FALSE,FALSE,FALSE
PLK1,TRUE,FALSE,FALSE,FALSE
PLK2,TRUE,FALSE,FALSE,FALSE
PLLP,TRUE,FALSE,FALSE,FALSE
PLP2,TRUE,FALSE,FALSE,FALSE
PLPPR2,TRUE,FALSE,FALSE,FALSE
PLSCR1,TRUE,FALSE,FALSE,FALSE
PLTP,TRUE,FALSE,FALSE,FALSE
PLVAP,TRUE,FALSE,FALSE,FALSE
PLXNA1,TRUE,FALSE,FALSE,FALSE
PLXND1,TRUE,FALSE,FALSE,FALSE
PMP22,TRUE,FALSE,FALSE,FALSE
PNISR,TRUE,FALSE,FALSE,FALSE
PNMT,TRUE,FALSE,FALSE,FALSE
PNP,TRUE,FALSE,FALSE,FALSE
PNPLA6,TRUE,FALSE,FALSE,FALSE
PODNL1,TRUE,FALSE,FALSE,FALSE
PODXL,TRUE,FALSE,FALSE,FALSE
POLR2E,TRUE,FALSE,FALSE,FALSE
POLR2J,TRUE,FALSE,FALSE,FALSE
POR,TRUE,FALSE,FALSE,FALSE
POSTN,TRUE,FALSE,FALSE,FALSE
PPHLN1,TRUE,FALSE,FALSE,FALSE
PPIB,TRUE,FALSE,FALSE,FALSE
PPIH,TRUE,FALSE,FALSE,FALSE
PPM1G,TRUE,FALSE,FALSE,FALSE
PPP1R1A,TRUE,TRUE,FALSE,FALSE
PPP1R1B,TRUE,FALSE,FALSE,FALSE
PPP1R37,TRUE,FALSE,FALSE,FALSE
PRKAB1,TRUE,FALSE,FALSE,FALSE
PRKCSH,TRUE,FALSE,FALSE,FALSE
PROSER1,TRUE,FALSE,FALSE,FALSE
PRPF6,TRUE,FALSE,FALSE,FALSE
PRPSAP1,TRUE,FALSE,FALSE,FALSE
PSCA,TRUE,FALSE,FALSE,FALSE
PSMD4,TRUE,FALSE,FALSE,FALSE
PSTPIP1,TRUE,FALSE,FALSE,FALSE
PTGDS,TRUE,TRUE,FALSE,FALSE
PTOV1,TRUE,FALSE,FALSE,FALSE
PTP4A3,TRUE,FALSE,FALSE,FALSE
PTPRC,TRUE,FALSE,FALSE,FALSE
PTPRJ,TRUE,FALSE,FALSE,FALSE
PTRF,TRUE,FALSE,FALSE,FALSE
PTRH1,TRUE,FALSE,FALSE,FALSE
PTTG1,TRUE,FALSE,FALSE,FALSE
PUS3,TRUE,FALSE,FALSE,FALSE
PWP1,TRUE,FALSE,FALSE,FALSE
PWWP2B,TRUE,FALSE,FALSE,FALSE
PXDN,TRUE,FALSE,FALSE,FALSE
PYURF,TRUE,FALSE,FALSE,FALSE
QSOX1,TRUE,FALSE,FALSE,FALSE
R3HDM2,TRUE,FALSE,FALSE,FALSE
RAB11FIP1,TRUE,FALSE,FALSE,FALSE
RAB3A,TRUE,FALSE,FALSE,FALSE
RAB3GAP1,TRUE,FALSE,FALSE,FALSE
RAB3IL1,TRUE,FALSE,FALSE,FALSE
RABGAP1L,TRUE,FALSE,FALSE,FALSE
RALBP1,TRUE,FALSE,FALSE,FALSE
RALGAPA2,TRUE,FALSE,FALSE,FALSE
RAMP2,TRUE,FALSE,FALSE,FALSE
RAP1B,TRUE,FALSE,FALSE,FALSE
RARS2,TRUE,FALSE,FALSE,FALSE
RASA2,TRUE,FALSE,FALSE,FALSE
RASGRP2,TRUE,FALSE,FALSE,FALSE
RASSF3,TRUE,FALSE,FALSE,FALSE
RBL1,TRUE,FALSE,FALSE,FALSE
RBM42,TRUE,FALSE,FALSE,FALSE
RECQL4,TRUE,FALSE,FALSE,FALSE
RECQL5,TRUE,FALSE,FALSE,FALSE
REEP6,TRUE,FALSE,FALSE,FALSE
RGS1,TRUE,FALSE,FALSE,FALSE
RHOB,TRUE,FALSE,FALSE,FALSE
RIOK1,TRUE,FALSE,FALSE,FALSE
RMND1,TRUE,FALSE,FALSE,FALSE
RNASET2,TRUE,FALSE,FALSE,FALSE
RND3,TRUE,FALSE,FALSE,FALSE
RNF135,TRUE,FALSE,FALSE,FALSE
RNF170,TRUE,FALSE,FALSE,FALSE
RRAS,TRUE,FALSE,FALSE,FALSE
RRM2,TRUE,FALSE,FALSE,FALSE
RSL1D1,TRUE,FALSE,FALSE,FALSE
RSRP1,TRUE,FALSE,FALSE,FALSE
RUVBL1,TRUE,FALSE,FALSE,FALSE
S100A14,TRUE,FALSE,TRUE,FALSE
S100A9,TRUE,FALSE,FALSE,FALSE
SAMM50,TRUE,FALSE,FALSE,FALSE
SASH1,TRUE,FALSE,FALSE,FALSE
SAT1,TRUE,FALSE,FALSE,FALSE
SCAF1,TRUE,FALSE,FALSE,FALSE
SCD,TRUE,TRUE,FALSE,FALSE
SCNN1D,TRUE,FALSE,FALSE,FALSE
SCX,TRUE,FALSE,FALSE,FALSE
SDHB,TRUE,FALSE,FALSE,FALSE
SEC14L2,TRUE,FALSE,FALSE,FALSE
SEC23A,TRUE,FALSE,FALSE,FALSE
SEMA3B,TRUE,FALSE,FALSE,FALSE
SEMA4B,TRUE,FALSE,FALSE,FALSE
SF3B4,TRUE,FALSE,FALSE,FALSE
SFRP1,TRUE,FALSE,FALSE,FALSE
SFSWAP,TRUE,FALSE,FALSE,FALSE
SGTA,TRUE,FALSE,FALSE,FALSE
SH3BP5L,TRUE,FALSE,FALSE,FALSE
SIGLEC1,TRUE,FALSE,FALSE,FALSE
SIGMAR1,TRUE,FALSE,FALSE,FALSE
SLC16A2,TRUE,FALSE,FALSE,FALSE
SLC16A3,TRUE,FALSE,FALSE,FALSE
SLC22A18,TRUE,FALSE,FALSE,FALSE
SLC25A24,TRUE,FALSE,FALSE,FALSE
SLC2A1,TRUE,FALSE,FALSE,FALSE
SLC2A8,TRUE,FALSE,FALSE,FALSE
SLC35A2,TRUE,FALSE,FALSE,FALSE
SLC39A6,TRUE,FALSE,FALSE,FALSE
SLC43A1,TRUE,FALSE,FALSE,FALSE
SLC4A5,TRUE,FALSE,FALSE,FALSE
SLC8B1,TRUE,FALSE,FALSE,FALSE
SLC9A3R2,TRUE,FALSE,FALSE,FALSE
SLC9A8,TRUE,FALSE,FALSE,FALSE
SLFN13,TRUE,FALSE,FALSE,FALSE
SLPI,TRUE,FALSE,FALSE,FALSE
SMCHD1,TRUE,FALSE,FALSE,FALSE
SMG9,TRUE,FALSE,FALSE,FALSE
SMYD2,TRUE,FALSE,FALSE,FALSE
SNAPC3,TRUE,FALSE,FALSE,FALSE
SNF8,TRUE,FALSE,FALSE,FALSE
SNRPD3,TRUE,FALSE,FALSE,FALSE
SNTA1,TRUE,FALSE,FALSE,FALSE
SNX33,TRUE,FALSE,FALSE,FALSE
SNX8,TRUE,FALSE,FALSE,FALSE
SOD3,TRUE,FALSE,FALSE,FALSE
SOS2,TRUE,FALSE,FALSE,FALSE
SOX4,TRUE,FALSE,FALSE,FALSE
SP6,TRUE,FALSE,FALSE,FALSE
SPAG9,TRUE,FALSE,FALSE,FALSE
SPARC,TRUE,FALSE,FALSE,FALSE
SPIN1,TRUE,FALSE,FALSE,FALSE
SPSB1,TRUE,FALSE,FALSE,FALSE
SRGN,TRUE,FALSE,FALSE,FALSE
SRPX2,TRUE,FALSE,FALSE,FALSE
SRR,TRUE,FALSE,FALSE,FALSE
SRRT,TRUE,FALSE,FALSE,FALSE
SRSF1,TRUE,FALSE,FALSE,FALSE
SRSF5,TRUE,FALSE,FALSE,FALSE
SSSCA1,TRUE,FALSE,FALSE,FALSE
STAMBP,TRUE,FALSE,FALSE,FALSE
STAT5A,TRUE,FALSE,FALSE,FALSE
STK17A,TRUE,FALSE,FALSE,FALSE
STK4,TRUE,FALSE,FALSE,FALSE
STMN1,TRUE,FALSE,FALSE,FALSE
STRN3,TRUE,FALSE,FALSE,FALSE
STT3A,TRUE,FALSE,FALSE,FALSE
SUGP1,TRUE,FALSE,FALSE,FALSE
SURF1,TRUE,FALSE,FALSE,FALSE
SVIL,TRUE,FALSE,FALSE,FALSE
SYDE1,TRUE,FALSE,FALSE,FALSE
SYK,TRUE,FALSE,FALSE,FALSE
TACC3,TRUE,FALSE,FALSE,FALSE
TANC2,TRUE,FALSE,FALSE,FALSE
TARBP1,TRUE,FALSE,FALSE,FALSE
TAX1BP1,TRUE,FALSE,FALSE,FALSE
TAX1BP3,TRUE,FALSE,FALSE,FALSE
TBC1D10A,TRUE,FALSE,FALSE,FALSE
TBC1D23,TRUE,FALSE,FALSE,FALSE
TBCA,TRUE,FALSE,FALSE,FALSE
TBXAS1,TRUE,FALSE,FALSE,FALSE
TCEA2,TRUE,FALSE,FALSE,FALSE
TCEA3,TRUE,FALSE,FALSE,FALSE
TCF25,TRUE,FALSE,FALSE,FALSE
TDRD3,TRUE,FALSE,FALSE,FALSE
TESK1,TRUE,FALSE,FALSE,FALSE
TESMIN,TRUE,FALSE,FALSE,FALSE
TEX10,TRUE,FALSE,FALSE,FALSE
TEX2,TRUE,FALSE,FALSE,FALSE
TFF3,TRUE,TRUE,FALSE,FALSE
TGFBR2,TRUE,FALSE,FALSE,FALSE
THBS1,TRUE,FALSE,FALSE,FALSE
THOC5,TRUE,FALSE,FALSE,FALSE
THOC6,TRUE,FALSE,FALSE,FALSE
TIGD5,TRUE,FALSE,FALSE,FALSE
TIMP1,TRUE,TRUE,FALSE,FALSE
TJP3,TRUE,FALSE,FALSE,FALSE
TM7SF2,TRUE,FALSE,FALSE,FALSE
TMBIM6,TRUE,FALSE,FALSE,FALSE
TMEM101,TRUE,FALSE,FALSE,FALSE
TMEM123,TRUE,FALSE,FALSE,FALSE
TMEM14B,TRUE,FALSE,FALSE,FALSE
TMEM160,TRUE,FALSE,FALSE,FALSE
TMEM184A,TRUE,FALSE,FALSE,FALSE
TMEM259,TRUE,FALSE,FALSE,FALSE
TMEM45B,TRUE,FALSE,FALSE,TRUE
TMEM86A,TRUE,FALSE,FALSE,FALSE
TMX1,TRUE,FALSE,FALSE,FALSE
TNC,TRUE,FALSE,FALSE,FALSE
TNFRSF14,TRUE,FALSE,FALSE,FALSE
TNFRSF21,TRUE,FALSE,FALSE,FALSE
TNFRSF4,TRUE,FALSE,FALSE,FALSE
TNNT1,TRUE,FALSE,FALSE,FALSE
TOM1L2,TRUE,FALSE,FALSE,FALSE
TP53I3,TRUE,FALSE,FALSE,FALSE
TPM2,TRUE,TRUE,FALSE,FALSE
TRAC,TRUE,FALSE,FALSE,FALSE
TRAF5,TRUE,FALSE,FALSE,FALSE
TRAP1,TRUE,FALSE,FALSE,FALSE
TRAPPC4,TRUE,FALSE,FALSE,FALSE
TRIM14,TRUE,FALSE,FALSE,FALSE
TRIM22,TRUE,FALSE,FALSE,FALSE
TRIM25,TRUE,FALSE,FALSE,FALSE
TRIM47,TRUE,FALSE,FALSE,FALSE
TSPAN33,TRUE,FALSE,FALSE,FALSE
TSR2,TRUE,FALSE,FALSE,FALSE
TTC31,TRUE,FALSE,FALSE,FALSE
TTI1,TRUE,FALSE,FALSE,FALSE
TXN2,TRUE,FALSE,FALSE,FALSE
TXNDC17,TRUE,FALSE,FALSE,FALSE
TXNRD2,TRUE,FALSE,FALSE,FALSE
TYMS,TRUE,FALSE,FALSE,FALSE
TYROBP,TRUE,FALSE,FALSE,FALSE
UBA52,TRUE,FALSE,TRUE,FALSE
UBA6,TRUE,FALSE,FALSE,FALSE
UBAP2L,TRUE,FALSE,FALSE,FALSE
UBE2C,TRUE,FALSE,FALSE,FALSE
UBE2T,TRUE,FALSE,FALSE,FALSE
UBE2W,TRUE,FALSE,FALSE,FALSE
UBL7,TRUE,FALSE,FALSE,FALSE
UBR2,TRUE,FALSE,FALSE,FALSE
UBXN1,TRUE,FALSE,FALSE,FALSE
UCK1,TRUE,FALSE,FALSE,FALSE
UFD1L,TRUE,FALSE,FALSE,FALSE
UQCRC1,TRUE,FALSE,FALSE,FALSE
UXS1,TRUE,FALSE,FALSE,FALSE
UXT,TRUE,FALSE,FALSE,FALSE
VARS,TRUE,FALSE,FALSE,FALSE
VAV1,TRUE,FALSE,FALSE,FALSE
VCAM1,TRUE,FALSE,FALSE,FALSE
VEGFB,TRUE,FALSE,FALSE,FALSE
VIM,TRUE,FALSE,FALSE,FALSE
VPS13D,TRUE,FALSE,FALSE,FALSE
VPS45,TRUE,FALSE,FALSE,FALSE
VWF,TRUE,TRUE,FALSE,FALSE
WDFY3,TRUE,FALSE,FALSE,FALSE
WDR13,TRUE,FALSE,FALSE,FALSE
WDR34,TRUE,FALSE,FALSE,FALSE
WDR46,TRUE,FALSE,FALSE,FALSE
WDR73,TRUE,FALSE,FALSE,FALSE
WDR74,TRUE,FALSE,FALSE,FALSE
WIPF1,TRUE,FALSE,FALSE,FALSE
XAB2,TRUE,FALSE,FALSE,FALSE
XIAP,TRUE,FALSE,FALSE,FALSE
XPO6,TRUE,FALSE,FALSE,FALSE
YIPF4,TRUE,FALSE,FALSE,FALSE
YTHDC1,TRUE,FALSE,FALSE,FALSE
ZDHHC12,TRUE,FALSE,FALSE,FALSE
ZFAND3,TRUE,FALSE,FALSE,FALSE
ZFP36,TRUE,FALSE,FALSE,FALSE
ZFPL1,TRUE,FALSE,FALSE,FALSE
ZFR,TRUE,FALSE,FALSE,FALSE
ZG16B,TRUE,FALSE,FALSE,FALSE
ZMAT5,TRUE,FALSE,FALSE,FALSE
ZMYND19,TRUE,FALSE,FALSE,FALSE
ZMYND8,TRUE,FALSE,FALSE,FALSE
ZNF217,TRUE,FALSE,FALSE,FALSE
ZNF337,TRUE,FALSE,FALSE,FALSE
ZNF33B,TRUE,FALSE,FALSE,FALSE
ZNF362,TRUE,FALSE,FALSE,FALSE
ZNF524,TRUE,FALSE,FALSE,FALSE
ZNF592,TRUE,FALSE,FALSE,FALSE
ZNF644,TRUE,FALSE,FALSE,FALSE
ZNF668,TRUE,FALSE,FALSE,FALSE
ZNF771,TRUE,FALSE,FALSE,FALSE
ZNF787,TRUE,FALSE,FALSE,FALSE
ZNF791,TRUE,FALSE,FALSE,FALSE
ZNF83,TRUE,FALSE,FALSE,FALSE
ZNF91,TRUE,FALSE,FALSE,FALSE
ZNRF1,TRUE,FALSE,FALSE,FALSE
ZSWIM8,TRUE,FALSE,FALSE,FALSE
