gene,n_sig,n_tested,median_padj
ERBB2,38,38,1.9364155274520164e-12
KRT8,38,38,7.386779318552915e-8
HSPB1,38,38,1.0343625369126071e-6
UBA52,37,38,1.0005061302626135e-10
IGFBP2,37,38,3.006643839723792e-8
GRB7,37,38,1.076877997625031e-7
CLDN4,37,38,1.7219883271377327e-7
FASN,37,38,5.768351766337836e-7
BSG,36,38,3.3540520016774985e-10
AES,36,38,2.255131401482683e-9
CLDN3,36,38,5.0719289441035684e-8
LMNA,36,38,1.0001352263985088e-7
PRKCSH,36,38,1.1397376694633942e-6
EIF3B,36,38,9.257961565139022e-6
ATP6AP1,35,38,2.847748601526799e-7
GNAS,35,38,9.657491449670237e-7
TIMP1,34,38,2.8961670546213298e-5
ASNA1,34,38,6.07005186311746e-4
FLNA,33,38,5.543163030805641e-8
NDUFB9,33,38,1.2087867883349488e-7
AEBP1,33,38,1.7092791677583185e-7
SCD,33,38,2.9605945286443394e-6
HCFC1R1,33,38,3.8809357148926645e-6
UQCRC1,33,38,4.558249486612453e-6
CNN2,33,38,8.462166173004071e-6
BGN,33,38,1.0750578417466307e-5
PTOV1,33,38,2.583405691910924e-5
COMP,33,38,4.428834546908281e-5
C3,33,38,5.174029978856924e-5
HLA-B,33,38,5.766113998011605e-5
MGP,32,38,3.5405451781262737e-7
MUC1,32,38,2.7087500516892074e-6
MYL9,32,38,1.12994452101854e-5
AGPAT2,32,38,2.2300011686057917e-5
GNAI2,32,38,3.8660769645933464e-5
BST2,32,38,1.2294321299558098e-4
CRABP2,32,38,1.924285170546329e-4
LTBP3,32,38,0.0012038021836849253
NDRG1,31,38,3.2814909432126343e-7
S100A14,31,38,8.4904974603476e-7
FN1,31,38,5.441818682614927e-6
CORO1B,31,38,6.595354720312278e-5
CD74,31,38,1.1807196782694797e-4
FOXP4,31,38,1.2927737922453094e-4
C4orf48,31,38,1.7775108191403174e-4
TMBIM6,31,38,0.0011471321740175507
S100A9,31,38,0.0012417572552163867
C1QB,31,38,0.0018204665001312769
WDR34,30,38,2.1896257681771163e-6
IGLC2,30,38,2.649074665766634e-6
MUCL1,30,38,1.5118263804639537e-5
GANAB,30,38,2.6338534311359847e-5
SGTA,30,38,3.600877688877622e-5
MPST,30,38,4.2453343408382015e-4
IGHA1,30,38,7.205810616379158e-4
HNRNPUL2,30,38,7.868994686400187e-4
IER5L,30,38,0.001916672167794441
FADS2,29,38,1.5160837381610827e-6
ADAM15,29,38,3.79909514858709e-6
LGALS1,29,38,2.755671479278722e-4
MLST8,29,38,7.160521569995003e-4
COL3A1,29,38,9.993284295949233e-4
MYL12B,29,38,0.0018135641185204065
ERI3,29,38,0.001906236752220051
NMRAL1,29,38,0.0019364078644072932
COL6A2,29,38,0.0023019447309924447
FKBP8,29,38,0.002873709772182903
QSOX1,29,38,0.0032799319439334807
AGR2,29,38,0.0037724239140659132
IGKC,28,38,1.405064308254812e-6
AKT1S1,28,38,5.1082882555954265e-5
NINJ1,28,38,5.2642778530342036e-5
BAD,28,38,8.759793713489347e-5
POLR2J,28,38,2.0628978002959822e-4
GPS1,28,38,2.3072776938032357e-4
ZMYND19,28,38,2.896452251588122e-4
SAT1,28,38,0.001110535139134297
TMEM123,28,38,0.0011525865544591148
GSK3A,28,38,0.0013256045449922887
APOC1,28,38,0.001383100360765793
RHOB,28,38,0.003158776445014401
VIM,28,38,0.003565355608382117
PIGQ,28,38,0.015573397832499634
IFI27,27,38,6.189129399377477e-9
SPARC,27,38,2.5289714774033216e-5
PLXND1,27,38,1.4918941080391105e-4
GATA3,27,38,6.468075071447094e-4
PNMT,27,38,8.789062975474937e-4
ADI1,27,38,9.7448110419524e-4
AKR1A1,27,38,0.0018560429728721216
MZT2A,27,38,0.002544987420138212
SOX4,27,38,0.003646753913805404
TMEM160,27,38,0.0036557356725535144
TMEM259,27,38,0.004765235134879368
MVP,27,38,0.015574901007406508
A2M,26,38,8.938479915424464e-4
ZDHHC12,26,38,0.0018105517735627658
PLK2,26,38,0.002342681156954029
PGLS,26,38,0.002604034684699219
CXXC5,26,38,0.002717449450917457
ETFB,26,38,0.002803085645074091
CRACR2B,26,38,0.003585799757687286
CPNE1,26,38,0.0035961237987443113
FAM173A,26,38,0.0036171924565881718
LAMTOR2,26,38,0.005405817166776815
GPRC5A,26,37,0.005982753398319464
SNF8,26,38,0.006513157511407311
PPP1R1B,26,38,0.00789482613122747
AURKAIP1,26,38,0.008888350697219757
CAPG,26,38,0.008913935512552951
DPP7,26,38,0.010240535209754039
FGFR4,26,38,0.012391132039423531
SLC9A3R2,26,38,0.013077069097115219
IGHG3,25,38,2.7007935174399034e-5
MMP11,25,38,3.338770281076324e-5
IGHM,25,38,9.615730764516569e-4
HLA-DRA,25,38,0.001017501601804051
PPIB,25,38,0.0013762781843222045
FDPS,25,38,0.0022550913529471865
IGFBP4,25,38,0.0025167523378352673
TPM2,25,38,0.0030471972524145274
DCXR,25,38,0.003465501769331596
BTG1,25,38,0.0037873082772586957
IGLC3,25,38,0.004128403762037018
DNAJB2,25,38,0.004362274087553861
POSTN,25,38,0.004555237820796289
STMN1,25,38,0.009099527302997894
PPM1G,25,38,0.009256586967838992
TM7SF2,24,38,9.615368221041042e-4
CLU,24,38,0.005457773806237896
ITGB6,24,38,0.006076611633071385
NAA10,24,38,0.006547808678349774
CX3CL1,24,38,0.007328747873321335
DAPK3,24,38,0.007939467602352857
RRM2,24,38,0.008337974406090489
KMT2B,24,38,0.00947446077458837
CD68,24,38,0.009486827093625444
POR,24,38,0.01005030168676669
MRPL51,24,38,0.011673939257793338
PLP2,24,38,0.02060159633825015
LIMK1,23,38,0.0011675147055013302
DPM2,23,38,0.003042879385202679
SLC16A3,23,38,0.00658773186164921
RNASET2,23,38,0.009025503131258628
WDR46,23,38,0.01150599526035832
POLR2E,23,38,0.013794552270975263
ISG15,23,38,0.014858041016878352
PXDN,23,38,0.015304209211593997
BCAM,23,38,0.017940106633690302
MID1IP1,23,38,0.020863028121992585
TXN2,23,38,0.022296478336702175
NDUFB2,23,38,0.02235570899468903
NDUFA1,23,38,0.023392380177801243
ELOF1,23,38,0.024684806714221033
FUS,23,38,0.02753530178263683
HLA-DPA1,23,38,0.03506799269737533
EPHB3,22,38,0.004870775063048297
ECM1,22,38,0.0051732662847043314
CD320,22,38,0.006466826504551888
SRSF5,22,38,0.008162136532812607
TCF25,22,38,0.00860685427821405
PITX1,22,38,0.013522916782125352
ZNF787,22,38,0.014906285498239804
CCT4,22,38,0.015495072997609412
RBM42,22,38,0.01587875531823548
LUC7L3,22,38,0.0158877759960281
CDC20,22,38,0.01767589307056428
MLPH,22,38,0.023698347145731977
PTRF,22,38,0.02647501519836233
GAS6,21,38,0.0019210447357397697
LUM,21,38,0.002090661063064913
BABAM1,21,38,0.0065540246526001825
FSTL1,21,38,0.012300240211254827
TFF3,21,38,0.012890105477484506
C1R,21,38,0.013861354672420882
CD14,21,38,0.018417522162489153
UBAP2L,21,38,0.020777080040994954
DNAJC7,21,38,0.022291782436493688
ITGB4,21,38,0.02873983484673322
COL4A1,21,38,0.03034357693981429
TXNRD2,21,38,0.030611365002715836
FOXA1,20,38,0.013351662158730421
RSL1D1,20,38,0.023168186599739286
XAB2,20,38,0.02587563126211854
BOK,20,38,0.028361951461635716
TNC,20,38,0.030712451443675806
COX5A,20,38,0.03573815445693405
PAFAH1B3,20,38,0.0366140748426243
CCDC167,20,38,0.0372386508807336
MIF,20,38,0.04043985991438451
ALG3,20,38,0.04148995533871432
CCL19,19,36,0.011125528333400915
GATC,19,38,0.03391733458086561
VARS,19,38,0.034754464132870914
BIRC5,19,38,0.04162108739567012
ATP6V0D1,19,38,0.042307156331878544
SRSF1,19,38,0.04305360161138194
VEGFB,19,38,0.04363942624536694
CALML5,19,38,0.0440683077501008
CCM2,19,38,0.044990864952605486
BRK1,19,38,0.045409282177682836
PLPPR2,19,38,0.04879398714335535
MRPL54,19,38,0.04882338045762934
ATP5O,19,38,0.051032062779387925
C19orf24,19,38,0.05205221297949278
SRRT,19,38,0.05431737131535915
CCS,19,38,0.05521887088979059
MARS,19,38,0.0561864782136313
ARID5A,19,38,0.060981926842331904
MMP9,19,38,0.06119369537264109
ERAL1,19,38,0.06178695088586332
HLA-DRB1,19,38,0.06350076879026494
TXNDC17,19,38,0.0663276088431361
C6orf48,19,38,0.06679114976933614
PSMD4,19,38,0.06899087634098844
GLTSCR2,19,38,0.07256217958301468
MUS81,19,38,0.11393725178094632
SEMA4B,19,38,0.169501679742052
GMPPA,18,38,0.05510317947007308
CUX1,18,38,0.05708339279466736
DDT,18,38,0.05940966038388115
ZSWIM8,18,38,0.0648860035172838
FARP1,18,38,0.06542069935719617
WDR13,18,38,0.07263717890485662
CADM4,18,38,0.07324298723271205
EFHD2,18,38,0.07783668674517472
THBS1,18,38,0.09353512557532259
PPP1R37,18,38,0.0945882130522949
ARF6,18,38,0.1357114982263632
C1S,18,38,0.16149156995221464
C19orf60,18,38,0.1615591557434789
HYI,18,38,0.19421709344555046
CTSK,18,38,0.2520547500743487
LCP1,18,38,0.3520513908767185
DDRGK1,17,38,0.06612425579487388
DPYSL3,17,38,0.07283664700274399
CORO7,17,38,0.07562810451767946
EIF3G,17,38,0.07812673691591032
GLG1,17,38,0.07848624388662653
EFEMP2,17,38,0.08478335947273141
NFIC,17,38,0.08626335171567635
TYROBP,17,38,0.09193065767895964
SNRPD3,17,38,0.09880555104506158
PWWP2B,17,38,0.1185972731511488
TRAP1,17,38,0.13217054936732442
MED25,17,38,0.13275768458265758
BAG1,17,38,0.1398963868756301
FSTL3,17,38,0.1450888400745684
ATP5H,17,38,0.15818352910869563
DMAP1,17,38,0.16020725379634726
SLC2A1,17,38,0.16958141335942994
ASCL2,17,38,0.1738719661255138
CD52,17,38,0.19645872684410348
IGHG4,17,38,0.20782346639049407
UFD1L,17,38,0.22810330501099507
DNAJC1,17,38,0.22933877028467073
TANC2,17,38,0.3372178523579813
PHGDH,16,38,0.06281258935082001
SF3B4,16,38,0.0795284377606146
HMGB2,16,38,0.08049827443458227
PTGDS,16,38,0.08472807525303598
FKBP10,16,38,0.0876039856074089
AHCY,16,38,0.10833402941882098
TAX1BP3,16,38,0.11342160824960812
SLC39A6,16,38,0.12380856268252656
EVA1B,16,38,0.12442293101783988
NDUFS1,16,38,0.12502821720976767
HAGHL,16,38,0.128088452083586
BRD9,16,38,0.14443846628919815
HLA-DPB1,16,38,0.1641925053017813
UXS1,16,38,0.17412025284447585
PRPF6,16,38,0.17787187376729946
ABCF3,16,38,0.18425942564327186
WDR74,16,38,0.21310951610487083
MAGEF1,16,38,0.22873145281128318
TMEM184A,16,38,0.23119299420895895
GPR160,16,38,0.23585900310261992
TNNT1,16,38,0.24016285968168427
DEAF1,16,38,0.257980180556909
HLA-DMA,16,38,0.28193612209573377
ENPP1,16,38,0.3944355193357725
INTS8,16,38,0.5589005307726149
KDM4B,15,38,0.09448100040194068
UBXN1,15,38,0.10645548111296793
NFATC4,15,38,0.11159062114100268
CTDSPL,15,38,0.11440928801586261
PPP1R1A,15,38,0.121216814012984
SLC35A2,15,38,0.12424817839863736
NDUFV3,15,38,0.13405126800810713
TCEA3,15,38,0.15090678779154165
MYC,15,38,0.15970523360632197
C5orf38,15,38,0.16262084542366567
SMG9,15,38,0.17106097516553748
PLXNA1,15,38,0.17289273320422832
ZFAND3,15,38,0.17902246954067563
KRT10,15,38,0.19601100382032088
BRF1,15,38,0.20396892788684656
TESK1,15,38,0.20474764945963797
UCK1,15,38,0.21109059942953068
LAMB2,15,38,0.21997169596971866
FBLN2,15,38,0.22358763210184904
CGGBP1,15,38,0.24085673086650405
CLASRP,15,38,0.2869302936408928
PLTP,15,38,0.2880368645935833
MRPL21,15,38,0.2919815604920081
FAM193B,15,38,0.34609313944844466
PLVAP,15,38,0.40081374424520827
HLA-DMB,15,38,0.48562713398383334
RAB11FIP1,15,38,0.48819795814386713
FAAH,15,38,0.5114471084186483
PLK1,15,38,0.5377841252606089
GPSM1,15,38,0.6473597649152488
DPP9,15,38,0.780288977419146
JAK3,15,38,1
FAM3A,14,38,0.12423790678970184
NDUFA12,14,38,0.14042439869527207
HSPA4,14,38,0.14068539275477432
HELZ2,14,38,0.14253035057462327
MYBL2,14,38,0.14335735678933353
TMEM45B,14,38,0.16160341131373537
EXOSC10,14,38,0.17999244659357094
RASSF3,14,38,0.1822895232641569
NDUFC1,14,38,0.18567322456450555
UBE2C,14,38,0.18615572091244392
RUVBL1,14,38,0.19417525092796248
IFI44L,14,38,0.19837836529465985
COQ4,14,38,0.20219336901447596
ZNRF1,14,38,0.20448484781801862
JCHAIN,14,38,0.2126191311596839
ZNF524,14,38,0.22826692535405912
SIGMAR1,14,38,0.23799578079272346
GSTM3,14,38,0.2563916321766312
DERL3,14,38,0.27722488672504175
MIIP,14,38,0.29123535547059254
TYMS,14,38,0.30867623050478954
SAMM50,14,38,0.31291829799090004
GPX3,14,38,0.322286325630435
EIF3F,14,38,0.3404764136429359
CD79A,14,38,0.3469651166166807
ANKLE2,14,38,0.37036551560516195
PDGFRB,14,38,0.3856093301029013
MDM2,14,38,0.44965799084081204
ZG16B,14,38,0.4582534702677561
PIM2,14,38,0.5447477612859315
HDAC5,14,38,0.550121808521308
AGO2,14,38,0.5585666522774104
VWF,14,38,0.6548667056162762
CD4,14,38,1
CSF1R,13,38,0.12628790241012883
CCDC57,13,38,0.12660206827993872
TOM1L2,13,38,0.15572942725746647
SPIN1,13,38,0.1866925215161966
SCAF1,13,38,0.24938889973646966
TJP3,13,38,0.25823756998733477
GPR108,13,38,0.2590827457886877
CCNE2,13,38,0.31352693511378965
NELFE,13,38,0.316629763330063
CERS5,13,38,0.3400136424851016
TRAC,13,38,0.3523573538445358
PAQR4,13,38,0.40560823314796074
KPNB1,13,38,0.42222284512958597
UBL7,13,38,0.4436188870287284
EMC3,13,38,0.4617909139100871
CARS2,13,38,0.4645734127570793
ZFR,13,38,0.4798602890732766
ZMAT5,13,38,0.5177619738734044
FAH,13,38,0.6113427331238585
GMFG,13,38,0.7231379266586835
RAB3GAP1,13,38,0.839885293518464
JAK1,13,38,0.8464895596130391
CHFR,13,38,1
HES1,12,38,0.17143205115533872
NSMCE1,12,38,0.21484464119772156
PNPLA6,12,38,0.24320375845217296
CERCAM,12,38,0.24427688185336505
FGFR1,12,38,0.2535003939354328
TMEM14B,12,38,0.2642160116174715
IGLC7,12,35,0.26839116929245094
FAM102A,12,38,0.27979480857698835
CCNB1IP1,12,38,0.28462959189936965
ZNF668,12,38,0.31496746228545913
ZNF217,12,38,0.32218135229271755
NDUFB3,12,38,0.3370942626495944
XPO6,12,38,0.3430159715928439
FZD2,12,38,0.35687060728192077
MGMT,12,38,0.379799473464917
PDCD5,12,38,0.39049571849092973
JMJD6,12,38,0.391507913811583
EXOC5,12,38,0.3956901010050581
CCDC106,12,38,0.40680866427138224
MORC2,12,38,0.41255109389506484
CRELD2,12,38,0.4439899278158583
LST1,12,38,0.4664638361893816
MYO9B,12,38,0.4775894524295575
DCAF6,12,38,0.4941052194699427
ARHGAP45,12,38,0.5132054273159662
DOCK6,12,38,0.5213934536367721
TMEM86A,12,38,0.5828130705233323
TRAPPC4,12,38,0.6113097761685824
TBC1D10A,12,38,0.6457587182967401
ERMP1,12,38,0.6649093858619745
FAM117A,12,38,0.6895821741727441
SLC22A18,12,38,0.7282726781619102
MS4A6A,12,38,0.7430933376618034
TMX1,12,38,0.7974904399036788
BLVRA,12,38,0.8137696934035592
FUOM,12,38,0.8375065281845788
NANS,12,38,0.8429816564642212
SCX,12,38,0.8541943506455374
CPSF1,12,38,0.8564464843877884
SLC25A24,12,38,0.8785783900202258
SPSB1,12,38,0.8908119421504971
RRAS,12,38,0.905502486898038
ARHGAP4,12,38,0.9691867155839957
APBA2,12,38,1
BRF2,12,38,1
CDC6,12,38,1
CENPF,12,38,1
CPVL,12,38,1
HCST,12,38,1
IKZF3,12,38,1
KIF2C,12,38,1
MCTS1,12,38,1
TESMIN,12,38,1
UBR2,12,38,1
C10orf54,11,38,0.2202916285416121
UBE2T,11,38,0.25600937057406337
ZFP36,11,38,0.29278260358212244
MRPL23,11,38,0.3050664332414362
GNL2,11,38,0.3099411484960618
PRKAB1,11,38,0.3337010369386484
STT3A,11,38,0.37867645756899515
KRT17,11,38,0.389760302296469
DESI1,11,38,0.4496926339008569
NR1H2,11,38,0.4512368882907386
KIAA1217,11,38,0.45794001867110457
ESR1,11,38,0.47293725297534
SOD3,11,38,0.48793700579424154
ASMTL,11,38,0.5032333495714373
NR4A1,11,38,0.5089518569461848
CAMTA2,11,38,0.5255674976735023
YIPF4,11,38,0.5411356966977163
VPS13D,11,38,0.5523158033874469
BIRC2,11,38,0.5751889430438544
GYPC,11,38,0.6069898628148671
UXT,11,38,0.6295700960674622
SNX33,11,38,0.6383394973866274
SRGN,11,38,0.6502521287272663
PPHLN1,11,38,0.6513994972147775
UBA6,11,38,0.6543571053816268
PYURF,11,38,0.6765046628863401
FARSB,11,38,0.7551103489151096
NEBL,11,38,0.7620358465432238
SSSCA1,11,38,0.7664511317038676
NIT2,11,38,0.7708031167830797
PCCB,11,38,0.7931770124982815
CXCL10,11,38,0.883422291761851
MAVS,11,38,0.8914962663670376
ALDH16A1,11,38,0.8953973424846559
REEP6,11,38,0.9649887315393861
SFSWAP,11,38,0.9676120468596816
ASH2L,11,38,1
DDIT3,11,38,1
GAR1,11,38,1
IDH3G,11,38,1
TBC1D23,11,38,1
YTHDC1,11,38,1
PPIH,10,38,0.2623800609945526
PMP22,10,38,0.29546945822949683
SNX8,10,38,0.34942988515093515
PTP4A3,10,38,0.36457553234055246
CCNB1,10,38,0.4158181601375589
RSRP1,10,38,0.43487885839964924
TRIM25,10,38,0.4715273427828022
TNFRSF14,10,38,0.5223614143082198
DVL1,10,38,0.5499377060935475
MLLT4,10,38,0.5572410662503908
TARBP1,10,38,0.5603999124422632
COPS7A,10,38,0.5687336729352892
LRRC8A,10,38,0.5740955876978112
CORO1A,10,38,0.5838677528107368
LINC00176,10,38,0.595310259485622
MST1R,10,38,0.6126600248527986
C2,10,38,0.6206037359570458
ZFPL1,10,38,0.6326691547224343
R3HDM2,10,38,0.6425642524301303
ABCA3,10,38,0.6575597557467957
CTIF,10,38,0.6723754300422434
MKI67,10,38,0.7185524355895448
MTG2,10,38,0.7187517195640895
PWP1,10,38,0.7381976102879019
METTL12,10,38,0.7676226473720487
ARID1B,10,38,0.7777096548447312
ZMYND8,10,38,0.8184702512921187
GLCCI1,10,38,0.8310633793997875
GBP1,10,38,0.8550390993283603
SP6,10,38,0.8618564383941403
PCIF1,10,38,0.863239624949484
INPP5D,10,38,0.908598047679243
TP53I3,10,38,0.9209759793466749
MFAP4,10,38,0.9673295696855488
WIPF1,10,38,0.9735540537480691
AQP1,10,38,1
ARNT,10,38,1
BIN3,10,38,1
C12orf45,10,38,1
DDB2,10,38,1
DHX16,10,38,1
EZH2,10,38,1
MRPL2,10,38,1
NUP214,10,38,1
PHKB,10,38,1
STK17A,10,38,1
SURF1,10,38,1
MYL6B,9,38,0.31199619286986
ITGA5,9,38,0.3903104464900239
ACAA1,9,38,0.4567771332068977
LTF,9,38,0.47259613554408164
ZNF644,9,38,0.48610227643675974
ISLR,9,38,0.5025756743410696
C2CD2L,9,38,0.5031481745914456
MAP1S,9,38,0.5152935132030274
FCER1G,9,38,0.5614896076048295
AP5Z1,9,38,0.564689392979684
TRIM14,9,38,0.5892954358914261
SPAG9,9,38,0.5978926118073867
KRAS,9,38,0.6672218913560135
SH3BP5L,9,38,0.701714941040408
GALK1,9,38,0.7720432682845079
BCL2L12,9,38,0.7954986971468032
COMMD1,9,38,0.7975657366136182
NUP93,9,38,0.8285976653519282
WDR73,9,38,0.8469094431569634
ORC6,9,38,0.8734634848494249
SRR,9,38,0.91477478577471
MKNK1,9,38,0.9384245713984525
CEP250,9,38,0.9478145175381198
SEC14L2,9,38,0.9724800518092982
ANLN,9,38,1
BOLA3,9,38,1
CD3D,9,38,1
FAM213B,9,38,1
IL10RA,9,38,1
INPP4B,9,38,1
JAG2,9,38,1
LTB4R,9,38,1
LUC7L,9,38,1
MICAL1,9,38,1
NRP1,9,38,1
OASL,9,38,1
PILRA,9,38,1
PLIN2,9,38,1
PLLP,9,38,1
PROSER1,9,38,1
RABGAP1L,9,38,1
TIGD5,9,38,1
TNFRSF4,9,38,1
TTC31,9,38,1
VCAM1,9,38,1
CCL2,8,38,0.45697099432134125
MAPKAPK5,8,38,0.5351799250373173
SDHB,8,38,0.5559097007789999
MICALL2,8,38,0.5743959120306952
KCTD10,8,38,0.584165461390227
ATG12,8,38,0.5926464897105497
CYP27A1,8,38,0.613042031422362
LRWD1,8,38,0.7053935296403409
PNP,8,38,0.7145624649942821
SLC2A8,8,38,0.7530638482430585
EXOSC1,8,38,0.7926423520530725
TAX1BP1,8,38,0.8090559157335724
TBCA,8,38,0.830551258314288
PIH1D1,8,38,0.8348313713382913
UBE2W,8,38,0.8989412087118446
CHD1,8,38,0.9141615114477626
PNISR,8,38,0.9182300917232913
FNBP4,8,38,0.9279018321632502
PRPSAP1,8,38,0.9460018380597848
NEK7,8,38,0.9642537010787284
PTPRC,8,38,0.9750269620961574
ANO10,8,38,1
ARHGEF3,8,38,1
ASL,8,38,1
BICDL1,8,38,1
C10orf10,8,38,1
C19orf52,8,38,1
CCDC88B,8,38,1
CES2,8,38,1
CHCHD6,8,38,1
CHD6,8,38,1
CIR1,8,38,1
DDAH1,8,38,1
GBP3,8,38,1
ILKAP,8,38,1
INPP5J,8,38,1
ITSN1,8,38,1
LANCL1,8,38,1
LCK,8,38,1
MAPK9,8,38,1
MEN1,8,38,1
MPND,8,38,1
MRPS22,8,38,1
MX2,8,38,1
OGFRL1,8,38,1
PTTG1,8,38,1
RASA2,8,38,1
SLC4A5,8,38,1
SLPI,8,38,1
SNTA1,8,38,1
STAT5A,8,38,1
SYK,8,38,1
TEX10,8,38,1
THOC5,8,38,1
TMEM101,8,38,1
TRIM22,8,38,1
TTI1,8,38,1
VPS45,8,38,1
ZNF337,8,38,1
SLC8B1,7,38,0.35236165528218255
RNF135,7,38,0.4884675179000107
MFSD7,7,38,0.7210918713188981
PSTPIP1,7,38,0.7293888224196339
PODXL,7,38,0.7575804952319147
SIGLEC1,7,38,0.7579846362378825
TEX2,7,38,0.7664039541725733
FAIM2,7,38,0.7669217840364435
CORO2A,7,38,0.777290056140485
WDFY3,7,38,0.7802187923294406
DLG1,7,38,0.7882199464863385
STRN3,7,38,0.7901370020771281
ZNF33B,7,38,0.8045622013557351
TRIM47,7,38,0.8198793885516492
MTMR12,7,38,0.829970720888739
CTU2,7,38,0.8518203919564592
PLEKHO2,7,38,0.8682404552453012
KIAA0895L,7,38,0.8980322956399054
SMYD2,7,38,0.9627939164300789
RECQL5,7,38,0.9847387012142432
CCNE1,7,38,0.9919439828142237
ANKRD12,7,38,1
ANKRD28,7,38,1
APBB2,7,38,1
APOBEC3G,7,38,1
ARF5,7,37,1
ARFGEF2,7,38,1
ASNS,7,38,1
C6orf136,7,38,1
CEP55,7,38,1
CHST11,7,38,1
COL8A2,7,38,1
CSF1,7,38,1
DENND1A,7,38,1
EBAG9,7,38,1
EXOSC2,7,38,1
FAM160B1,7,38,1
FAM45A,7,38,1
GBP2,7,38,1
GBP4,7,38,1
HSPB11,7,38,1
INAFM1,7,38,1
KATNA1,7,38,1
KCNAB2,7,38,1
KIAA1468,7,38,1
KRT86,7,38,1
LYL1,7,38,1
MAGOHB,7,38,1
MFSD3,7,38,1
MYO1G,7,38,1
NAT1,7,37,1
NUF2,7,38,1
OPTN,7,38,1
PAF1,7,38,1
PARN,7,38,1
PER1,7,38,1
PLSCR1,7,38,1
PSCA,7,38,1
PTPRJ,7,38,1
RAP1B,7,38,1
RBL1,7,38,1
RECQL4,7,38,1
RGS1,7,38,1
SMCHD1,7,38,1
SNAPC3,7,38,1
STAMBP,7,38,1
TACC3,7,38,1
TBXAS1,7,38,1
TCEA2,7,38,1
TGFBR2,7,38,1
TRAF5,7,38,1
ZNF771,7,38,1
ZNF83,7,38,1
LIMCH1,6,38,0.6228226204861715
AKAP9,6,38,0.798733967728861
NTMT1,6,38,0.9715165154428794
RND3,6,38,0.9750269620961574
CCL21,6,38,0.9782232030261611
CDH3,6,38,0.9944397876544798
ABCA7,6,38,1
ARHGAP5,6,38,1
ARHGEF40,6,38,1
ARID3A,6,38,1
ARID4A,6,38,1
ATAD1,6,38,1
ATG16L2,6,38,1
ATL2,6,38,1
BCL2,6,38,1
CDK5RAP1,6,38,1
CFDP1,6,38,1
GBP5,6,38,1
GRK3,6,38,1
HLA-DOA,6,38,1
KAT6B,6,38,1
KIAA1715,6,38,1
LARP1B,6,38,1
LARP7,6,38,1
MAP3K6,6,38,1
MAP4K2,6,38,1
MAPT,6,36,1
MED13L,6,38,1
MELK,6,37,1
MIB2,6,38,1
NCKAP1L,6,38,1
OSBPL8,6,38,1
P4HA2,6,38,1
PEX14,6,38,1
PGR,6,34,1
PHF11,6,38,1
PHF13,6,38,1
RAB3A,6,38,1
RARS2,6,38,1
RASGRP2,6,38,1
RMND1,6,38,1
SEC23A,6,38,1
SEMA3B,6,38,1
SLC43A1,6,38,1
STK4,6,38,1
VAV1,6,38,1
CUTC,5,38,0.9617819059444606
KMT2E,5,38,0.9750542070619049
AAMDC,5,38,1
ARHGEF10L,5,38,1
ARID5B,5,38,1
CBLC,5,38,1
CROCC,5,38,1
EIF1AD,5,38,1
FAM118A,5,38,1
FAP,5,38,1
GEMIN4,5,38,1
HDAC6,5,38,1
KLF9,5,38,1
KRT14,5,24,1
MAP3K14,5,38,1
METTL16,5,38,1
NDC80,5,37,1
PHF21A,5,38,1
PKNOX1,5,38,1
RALBP1,5,38,1
SCNN1D,5,38,1
SOS2,5,38,1
SRPX2,5,38,1
SYDE1,5,38,1
TDRD3,5,38,1
THOC6,5,38,1
TSR2,5,38,1
XIAP,5,38,1
ZNF362,5,38,1
ZNF592,5,38,1
ABHD14A,4,38,1
ABHD4,4,38,1
ADCY3,4,38,1
ANGPTL4,4,38,1
BAIAP3,4,38,1
CDH11,4,38,1
CFAP36,4,38,1
DPH3,4,38,1
ECHDC2,4,38,1
EXO1,4,37,1
IDUA,4,38,1
IFI27L1,4,38,1
KIAA1211L,4,38,1
KIF13B,4,38,1
LINGO1,4,37,1
LLGL1,4,38,1
LMF1,4,38,1
PDGFRA,4,38,1
PTRH1,4,38,1
RALGAPA2,4,38,1
RAMP2,4,38,1
RIOK1,4,38,1
RNF170,4,38,1
SASH1,4,38,1
SLC9A8,4,38,1
SLFN13,4,38,1
SUGP1,4,38,1
TNFRSF21,4,38,1
TSPAN33,4,38,1
ZNF91,4,38,1
ATF6B,3,38,0.6301126439668003
EXD3,3,38,0.6944755405619336
AGAP2,3,38,1
AP5B1,3,38,1
BRPF1,3,38,1
C15orf61,3,38,1
CCDC80,3,38,1
FBF1,3,38,1
HSD17B1,3,38,1
MYH10,3,38,1
NXN,3,38,1
ORC2,3,38,1
PUS3,3,38,1
SFRP1,3,33,1
SVIL,3,38,1
ACTR3B,2,38,1
C1orf216,2,38,1
ELN,2,38,1
HPS6,2,38,1
NCKAP5L,2,38,1
PEX11G,2,38,1
ZNF791,2,38,1
ACER3,1,38,1
ARHGAP10,1,38,1
AVEN,1,38,1
COL14A1,1,38,1
PLAC9,1,38,1
RAB3IL1,1,38,1
EGFR,0,38,1
FOXC1,0,38,1
HOOK3,0,38,1
KRT5,0,32,1
MAGI1,0,38,1
MIA,0,23,1
PODNL1,0,38,1
SLC16A2,0,38,1
