metric,contrast,n,mean,sd,n_up,n_down,ci95_lo,ci95_hi,p_ttest,p_wilcoxon
pcc_fold_mean,arm3-arm1,8,-0.03345756083173789,0.027802785946464813,2,6,-0.056701271562574984,-0.010213850100900798,0.01138503600482432,0.0390625
pcc_fold_mean,arm2-arm1,8,-0.020556905849587137,0.018412831144172623,2,6,-0.03595041791255058,-0.005163393786623692,0.015977644409828518,0.0390625
pcc_fold_mean,arm3-arm2,8,-0.012900654982150754,0.011624746699454486,1,7,-0.022619186431540636,-0.003182123532760872,0.016405076070691058,0.0234375
pcc_fold_median,arm3-arm1,8,-0.03336752607180231,0.02900567452586615,2,6,-0.05761687682140837,-0.009118175322196252,0.013984346806176462,0.0390625
pcc_fold_median,arm2-arm1,8,-0.022806805790459593,0.02051570975021381,2,6,-0.03995836836372099,-0.005655243217198191,0.016281285252996738,0.0390625
pcc_fold_median,arm3-arm2,8,-0.010560720281342712,0.009386721032957564,1,7,-0.01840821545039689,-0.0027132251122885358,0.01544374383149426,0.015625
pcc_section_mean,arm3-arm1,8,-0.03409723681025752,0.027953206788831023,2,6,-0.057466702512361925,-0.010727771108153105,0.010689773563921087,0.0390625
pcc_section_mean,arm2-arm1,8,-0.020870293604973954,0.01820512610664533,2,6,-0.0360901599110367,-0.005650427298911211,0.014203858647059874,0.0390625
pcc_section_mean,arm3-arm2,8,-0.013226943205283566,0.011848220456596968,2,6,-0.02313230339107976,-0.0033215830194873713,0.015982637694170507,0.0390625
frac_pos,arm3-arm1,8,-0.07953181272509002,0.08546385586494862,2,6,-0.15098138427133317,-0.008082241178846886,0.033808981579777776,0.0546875
frac_pos,arm2-arm1,8,-0.021758703481392555,0.04705531251886482,2,6,-0.06109792922098801,0.017580522258202898,0.23222387404601622,0.234375
frac_pos,arm3-arm2,8,-0.057773109243697475,0.04544387826923044,1,7,-0.09576514223676791,-0.01978107625062704,0.008788903602193638,0.0234375
sse_ratio_median,arm3-arm1,8,-0.011926926153689343,0.07246499245857328,5,3,-0.07250917593479585,0.04865532362741716,0.6556903193554317,0.640625
sse_ratio_median,arm2-arm1,8,-0.010663877297496016,0.07295027217776384,4,4,-0.07165183107668843,0.05032407648169639,0.6916424076567492,0.9453125
sse_ratio_median,arm3-arm2,8,-0.0012630488561933273,0.05099466364086375,3,5,-0.04389565455142536,0.04136955683903871,0.9461090612200883,0.7421875
frac_beat_baseline,arm3-arm1,8,-0.052702662787205964,0.05617149450768398,2,5,-0.0996632073948382,-0.005742118179573742,0.03276243510687878,0.078125
frac_beat_baseline,arm2-arm1,8,-0.036047625103915494,0.040839045032437446,2,6,-0.07018992117041112,-0.001905329037419863,0.04119767899422367,0.0625
frac_beat_baseline,arm3-arm2,8,-0.016655037683290477,0.02643103850970774,4,3,-0.03875193885780673,0.0054418634912257735,0.11790097703327568,0.578125
sd_ratio_median,arm3-arm1,8,-0.053920794587641055,0.03851361811325362,0,8,-0.08611898509797808,-0.021722604077304024,0.00546219314605931,0.0078125
sd_ratio_median,arm2-arm1,8,-0.04355899778797602,0.038873502951291584,0,8,-0.07605805955229011,-0.011059936023661933,0.015722240082754302,0.0078125
sd_ratio_median,arm3-arm2,8,-0.010361796799665032,0.0032882729574429657,0,8,-0.013110861788116556,-0.007612731811213507,4.544501627858071e-05,0.0078125
