gene,pcc_arm1,pcc_arm2,pcc_arm3,d31,d21
A2M,0.10049440334879815,0.08103236388883635,0.03583341051064942,-0.06466099283814873,-0.019462039459961805
AAMDC,0.0493567418232802,0.03790970789186719,0.032455198963959306,-0.01690154285932089,-0.011447033931413005
ABCA3,0.06571677908190644,0.047026451090779846,0.04149442030176499,-0.02422235878014145,-0.018690327991126597
ABCA7,0.06704367867660357,0.04577533134224714,0.05545162341980851,-0.011592055256795061,-0.02126834733435643
ABCF3,0.13009135692107227,0.09584569186913704,0.03655579529811399,-0.09353556162295829,-0.03424566505193523
ABHD14A,0.03648146727981553,0.0009351360574091057,0.013258284429293669,-0.02322318285052186,-0.03554633122240642
ABHD4,0.03205533782195177,0.017471568436945924,0.0240185854323052,-0.008036752389646566,-0.014583769385005843
ACAA1,0.09390176333394346,0.07024515571047969,0.031136964841920148,-0.06276479849202331,-0.023656607623463763
ACER3,-0.0080032551319784,-0.008134417750934313,-0.004656702316611888,0.0033465528153665113,-0.0001311626189559132
ACTR3B,0.06645675701437925,0.040823568366101855,0.028069351894983777,-0.03838740511939548,-0.025633188648277398
ADAM15,-0.0006474790169875154,-0.005386322642267965,-0.015415577373032376,-0.01476809835604486,-0.00473884362528045
ADCY3,0.03343072605102869,0.025053279948277263,0.01713408487727602,-0.01629664117375267,-0.008377446102751426
ADI1,0.10834609261976307,0.08609900822015563,0.038427311576664486,-0.06991878104309858,-0.02224708439960743
AEBP1,-0.051753565152943506,-0.02670327943605283,-0.014902726612807874,0.036850838540135634,0.025050285716890677
AES,0.0742478105843635,0.06390474870406918,0.039928418090084516,-0.03431939249427898,-0.010343061880294324
AGAP2,0.005570325717761972,-0.004041888328510508,-0.025573134645517377,-0.03114346036327935,-0.00961221404627248
AGO2,0.08602874085518321,0.06856265822760423,0.06383366478671627,-0.022195076068466935,-0.017466082627578983
AGPAT2,0.09952296615598688,0.08373521548802848,0.058749218456070174,-0.04077374769991671,-0.0157877506679584
AGR2,0.09772852388147275,0.09322680721198466,0.0734199480204345,-0.024308575861038254,-0.004501716669488093
AHCY,0.08269299827257894,0.057363100903539035,0.0419931722702665,-0.040699826002312436,-0.0253298973690399
AKAP9,0.020960708737315814,0.024035377338848696,0.007569912223807444,-0.013390796513508371,0.0030746686015328817
AKR1A1,0.12806264187312422,0.11907915310950068,0.09430223761961319,-0.033760404253511025,-0.008983488763623537
AKT1S1,0.07833106003481964,0.0684644223545475,0.07035256826229198,-0.007978491772527657,-0.009866637680272142
ALDH16A1,0.064807175940873,0.06017941862181427,0.0570583468445731,-0.007748829096299897,-0.004627757319058727
ALG3,0.1327588462786353,0.1129784473553675,0.11551679644507681,-0.01724204983355848,-0.0197803989232678
ANGPTL4,0.0011687361491055535,-0.00537666934148903,-0.0013493485802871007,-0.002518084729392654,-0.006545405490594584
ANKLE2,0.13110177238111087,0.10506936992086408,0.08570845477566338,-0.045393317605447486,-0.026032402460246795
ANKRD12,0.03940483881241882,0.05378018406561185,0.06195865632044825,0.022553817508029435,0.014375345253193034
ANKRD28,0.051988202497687375,0.02751202751755145,0.012936127465724812,-0.03905207503196256,-0.024476174980135924
ANLN,0.07487429934781267,0.06077429537532422,0.06059391165295435,-0.014280387694858322,-0.01410000397248845
ANO10,0.04558185208932608,0.029130496203971824,0.04201586015682339,-0.0035659919325026906,-0.016451355885354256
AP5B1,0.010126877978279953,-0.0024454004349018263,0.001170259334024465,-0.008956618644255489,-0.01257227841318178
AP5Z1,0.09697756428923222,0.07292072008486018,0.010204899019252815,-0.08677266526997941,-0.02405684420437204
APBA2,0.08572839315564462,0.0799241777070196,0.08151748707574642,-0.0042109060798981995,-0.0058042154486250275
APBB2,0.044485196077871714,-0.006663892746166794,-0.006947957104337101,-0.05143315318220881,-0.051149088824038506
APOBEC3G,0.052523257916916706,0.0396201486788679,0.029029306857197394,-0.023493951059719312,-0.012903109238048806
APOC1,0.03097110961275442,0.019622930761272448,0.017562919273674902,-0.013408190339079518,-0.011348178851481972
AQP1,0.0074658418171427345,-0.0005971684189947021,0.004762129246086707,-0.0027037125710560276,-0.008063010236137437
ARF5,0.032036101045297055,0.011875720350637144,-0.008880084173727357,-0.04091618521902441,-0.02016038069465991
ARF6,0.17486721036437922,0.13320558039559083,0.1329721418274048,-0.04189506853697442,-0.04166162996878839
ARFGEF2,0.06759814168806466,0.050256854903309216,0.032690520685917865,-0.034907621002146796,-0.017341286784755446
ARHGAP10,0.043629740138745494,0.03130970315948531,0.042373952328140264,-0.00125578781060523,-0.012320036979260186
ARHGAP4,0.08691279459518611,0.06231185866467644,0.06741147464616827,-0.01950131994901784,-0.024600935930509674
ARHGAP45,0.07313500217251437,0.05137957713961576,0.05493985183865607,-0.018195150333858295,-0.02175542503289861
ARHGAP5,0.05986861483266166,0.014447575062264705,0.03657551590678166,-0.023293098925880003,-0.04542103977039696
ARHGEF10L,0.09086774413511195,0.05307158751150741,0.019887975510062723,-0.07097976862504923,-0.03779615662360454
ARHGEF3,0.09333922169858615,0.07075101239026275,0.052472637234377006,-0.04086658446420914,-0.022588209308323393
ARHGEF40,0.019907111307553106,0.024282593026798117,-0.005463760686281666,-0.02537087199383477,0.004375481719245011
ARID1B,0.005712039566778194,0.0019236814614915186,-0.01274060252704497,-0.018452642093823163,-0.0037883581052866756
ARID3A,-0.02639174703846466,-0.004081674076865078,-0.025476705484355648,0.0009150415541090105,0.02231007296159958
ARID4A,-0.006612958466551417,-0.006119849205076201,-0.006991870763682155,-0.0003789122971307379,0.0004931092614752159
ARID5A,0.04312162297884429,0.02451610163432973,0.030560055487027372,-0.012561567491816916,-0.01860552134451456
ARID5B,0.03246929990322201,0.02379886914999049,0.01245333775418317,-0.020015962149038842,-0.008670430753231522
ARNT,0.053777434668700524,0.01760087264428535,0.006667072180721897,-0.047110362487978626,-0.036176562024415174
ASCL2,0.03980241541874836,0.018112744002173033,-0.015118622941870717,-0.05492103836061908,-0.02168967141657533
ASH2L,0.09414280482410019,0.03874217169632407,0.0729614691930251,-0.02118133563107509,-0.05540063312777612
ASL,0.08179986681186235,0.05781154025053742,0.058943465290325014,-0.02285640152153734,-0.023988326561324935
ASMTL,0.05807826362100993,0.037951594775316885,0.029371446599942314,-0.028706817021067615,-0.020126668845693044
ASNA1,0.1157776498503599,0.07812811276045721,0.08105663251011772,-0.03472101734024219,-0.03764953708990269
ASNS,0.050362362775058206,0.02256543029329828,-0.0041321765995223705,-0.054494539374580576,-0.027796932481759927
ATAD1,0.05591749123907605,0.023007226601236348,0.03675297424880333,-0.019164516990272717,-0.032910264637839706
ATF6B,0.05458322592260628,0.03532063159928386,0.0045299936461669285,-0.050053232276439354,-0.019262594323322425
ATG12,0.08830847441060535,0.051500960783473076,0.04577539496555039,-0.042533079445054967,-0.03680751362713228
ATG16L2,0.07478339345800454,0.02348741341916588,0.02973598340983305,-0.04504741004817149,-0.05129598003883866
ATL2,0.06454073671196232,0.013867182315848322,0.007225116203915903,-0.05731562050804642,-0.050673554396114
ATP5H,0.13706190433494692,0.10062847094063698,0.04913776048719138,-0.08792414384775554,-0.03643343339430993
ATP5O,0.13880844683752033,0.11188249369162596,0.09098148261217685,-0.04782696422534348,-0.02692595314589437
ATP6AP1,0.14322267777418546,0.12208357719836141,0.11734176943210772,-0.025880908342077735,-0.02113910057582405
ATP6V0D1,0.05445226545866708,0.02437903388299012,0.011169218856298898,-0.04328304660236819,-0.030073231575676963
AURKAIP1,0.1075202197919778,0.0880447009575313,0.07787755228898517,-0.02964266750299263,-0.01947551883444651
AVEN,0.008646892767762034,0.0016410477055885057,-0.010776962434230456,-0.01942385520199249,-0.007005845062173529
BABAM1,0.1156307718230587,0.09438002785909451,0.07730181811728859,-0.03832895370577011,-0.02125074396396419
BAD,0.08114771331278386,0.07948914712067351,0.05412801415657662,-0.027019699156207243,-0.0016585661921103556
BAG1,0.10086728288352599,0.0966008464041299,0.07690487831926188,-0.023962404564264114,-0.004266436479396091
BAIAP3,-0.007890136522174622,-0.005137504446506339,-0.03550025907289542,-0.027610122550720796,0.002752632075668283
BCAM,0.10115254404161436,0.0823297976984329,0.03154166357595071,-0.06961088046566366,-0.018822746343181457
BCL2,-0.016602548731015767,-0.0025836333363180248,0.03330061496427636,0.04990316369529213,0.014018915394697743
BCL2L12,0.07269102753125406,0.03430484376148995,-0.011637606316514223,-0.08432863384776829,-0.03838618376976411
BGN,-0.04672797870855412,-0.012344774754419433,0.03501094248631958,0.08173892119487369,0.03438320395413469
BICDL1,0.06582052346220409,0.04119663199336357,0.03615542458276638,-0.029665098879437704,-0.024623891468840517
BIN3,0.0735324212444446,0.04308175303436518,0.05663396007034974,-0.016898461174094867,-0.030450668210079426
BIRC2,0.0750779620239923,0.04197695947675547,-0.038503880436820195,-0.1135818424608125,-0.03310100254723684
BIRC5,0.10663172610892885,0.08407348818899286,0.04556928424776304,-0.06106244186116581,-0.022558237919935983
BLVRA,0.13350994596953572,0.08816401464130508,0.07855088865210509,-0.05495905731743063,-0.04534593132823064
BOK,0.016386164969558966,0.009236901253141982,0.01406584167080677,-0.0023203232987521957,-0.007149263716416984
BOLA3,0.05286767365615422,0.03570136895263451,-0.004842228853277999,-0.05770990250943222,-0.017166304703519708
BRD9,0.1264785715225313,0.09456642017709352,0.09589138957590562,-0.030587181946625686,-0.03191215134543779
BRF1,0.10549014200727778,0.08054803941161044,0.08491999165487746,-0.020570150352400327,-0.024942102595667343
BRF2,0.05947694002247104,0.034668592773994804,-0.00032584280577220483,-0.059802782828243244,-0.024808347248476234
BRK1,0.06863724069270538,0.035632809976988665,0.03438964658948476,-0.03424759410322062,-0.033004430715716716
BRPF1,0.051673057843988124,0.0413597745883693,0.022345234303839473,-0.02932782354014865,-0.010313283255618824
BSG,0.038571124462420045,0.03346400785982792,0.006258761814506757,-0.03231236264791329,-0.005107116602592124
BST2,0.05852157523940442,0.03846622693926839,0.020537259261639945,-0.03798431597776447,-0.020055348300136028
BTG1,0.06502650558337211,0.05158781627013041,-0.07240419451729192,-0.13743070010066405,-0.0134386893132417
C10orf10,-0.027676240939413618,-0.019599815237611805,-0.017764377322180305,0.009911863617233313,0.008076425701801813
C10orf54,0.04535074516826185,0.03740856179590791,0.03689844268253119,-0.008452302485730659,-0.007942183372353938
C12orf45,0.09431023974886737,0.06353212993759666,0.05199764298220394,-0.042312596766663435,-0.030778109811270715
C15orf61,0.04514714878913951,0.030463461381045193,0.015999815129492587,-0.02914733365964692,-0.014683687408094316
C19orf24,0.0552368343718879,0.03671214046977177,0.030016758488721967,-0.025220075883165934,-0.018524693902116134
C19orf52,0.038623313016117246,-0.01000405872882267,-0.08646840442085386,-0.12509171743697112,-0.04862737174493992
C19orf60,0.0655434324933056,0.03549952238102152,0.04051301068265813,-0.025030421810647477,-0.030043910112284085
C1QB,0.03448745614210767,0.026999103524515816,0.024840758333269437,-0.009646697808838235,-0.007488352617591856
C1R,-0.05196910353727513,-0.029559505521275224,-0.01616518595199852,0.03580391758527661,0.022409598015999906
C1S,0.11306598792137448,0.05964226658659964,0.06818929408095507,-0.04487669384041941,-0.05342372133477484
C1orf216,0.0333015315121624,0.018703482314065434,0.014451532277430533,-0.018849999234731865,-0.014598049198096964
C2,0.05870076420820669,0.0325148841809911,0.02909566493136221,-0.02960509927684448,-0.026185880027215593
C2CD2L,0.056705402546610564,0.02251116975895935,-0.015343656008349102,-0.07204905855495966,-0.03419423278765121
C3,0.04909245255101657,0.02617370767714428,0.03934767494318965,-0.009744777607826917,-0.02291874487387229
C4orf48,0.0531563111197037,0.04678453306720542,0.030469304485399706,-0.022687006634303997,-0.006371778052498285
C5orf38,0.03425495087821566,0.019560458574034986,0.021035556558872057,-0.013219394319343603,-0.014694492304180674
C6orf136,0.07157669301027321,0.060954727881149695,0.05356680537347151,-0.018009887636801697,-0.010621965129123515
C6orf48,0.1397970307110387,0.10098726732346174,0.012176138258792392,-0.1276208924522463,-0.038809763387576954
CADM4,0.10162122155241904,0.06671370852080745,0.042478341257053485,-0.05914288029536555,-0.03490751303161159
CALML5,0.01827936861409956,0.02076410367474684,0.020668809741312893,0.0023894411272133327,0.0024847350606472807
CAMTA2,0.08899132988355306,0.06374451827189867,0.05920770599957351,-0.02978362388397955,-0.025246811611654388
CAPG,0.12775440417168266,0.08589109912592557,0.07444381427892868,-0.05331058989275397,-0.04186330504575708
CARS2,0.08573701372831936,0.06276856813884309,0.06656001068466644,-0.019177003043652927,-0.022968445589476277
CBLC,0.04307165138391593,0.02525379074940415,0.01778722101057471,-0.02528443037334122,-0.017817860634511778
CCDC106,0.06247720894650369,0.038934417595538215,-0.02553212804242012,-0.08800933698892381,-0.023542791350965472
CCDC167,0.08781494222574014,0.06396035848513337,0.0632120324446284,-0.024602909781111737,-0.02385458374060677
CCDC57,0.05106277753968942,0.034869540873906826,0.04077665397128121,-0.01028612356840821,-0.016193236665782595
CCDC80,0.021959129679195437,0.007175348358981808,0.022576810145814273,0.0006176804666188362,-0.01478378132021363
CCDC88B,0.06093133713492557,0.03796631140988757,-0.020630338987499698,-0.08156167612242526,-0.022965025725038002
CCL19,-0.008901486209279823,-0.0005422124684659859,-0.0028085402376724824,0.00609294597160734,0.008359273740813838
CCL2,-0.029389649607916544,-0.03727312132263037,-0.08099295385252898,-0.051603304244612444,-0.00788347171471383
CCL21,0.011132074921789125,0.011187213597389112,0.01046955083043748,-0.0006625240913516444,5.513867559998713e-05
CCM2,0.12520182251128834,0.10327148522793911,0.08375577397179192,-0.04144604853949642,-0.021930337283349227
CCNB1,0.08278855307349627,0.06848034345432244,0.028096920672920616,-0.054691632400575646,-0.014308209619173826
CCNB1IP1,0.04619495874616307,0.01361010244818477,0.004120206117974098,-0.04207475262818897,-0.032584856297978304
CCNE1,0.08336781797525596,0.06712965052699174,0.06373790742978376,-0.019629910545472196,-0.016238167448264215
CCNE2,0.11557866283339177,0.09583757781953024,0.11005891192896451,-0.005519750904427259,-0.01974108501386153
CCS,0.11687743429956127,0.07877846423239537,0.0677387951719994,-0.04913863912756186,-0.038098970067165894
CCT4,0.17667894395866648,0.13809244543313698,0.12309496286913871,-0.05358398108952778,-0.038586498525529506
CD14,-0.007598345860949145,-0.036472197750866846,-0.03585450675500301,-0.028256160894053868,-0.0288738518899177
CD320,0.017226760276083462,0.02025756649012692,0.0034435375156440327,-0.01378322276043943,0.003030806214043457
CD3D,0.05510452742869898,0.05575801593444396,0.06088711538016564,0.005782587951466661,0.0006534885057449813
CD4,0.048528361587941445,0.03958113414500576,0.033865178587044575,-0.01466318300089687,-0.008947227442935683
CD52,0.034869781751708046,0.015748845180999144,-0.00913895519257953,-0.04400873694428757,-0.019120936570708902
CD68,0.041604180818679795,0.011663043348049741,-0.00245331628757968,-0.044057497106259474,-0.029941137470630055
CD74,-0.05890841692108986,-0.027999804249990747,-0.010567795573599766,0.04834062134749009,0.030908612671099116
CD79A,0.05878026109806941,0.037159205974393386,0.03325528831517617,-0.025524972782893236,-0.02162105512367602
CDC20,0.08141511093156263,0.05910756130304601,0.020642228128164703,-0.06077288280339793,-0.022307549628516624
CDC6,0.08509427975975026,0.039692361856579636,0.030860624538555686,-0.05423365522119457,-0.04540191790317062
CDH11,0.0018441192785107734,-0.004867034284013288,0.0030210359888567188,0.0011769167103459453,-0.006711153562524061
CDH3,0.07389100696792394,0.028424687225872755,0.028063116844515824,-0.04582789012340812,-0.04546631974205119
CDK5RAP1,0.05283807209487951,0.03542253799687199,0.02992525027748461,-0.022912821817394898,-0.017415534098007515
CENPF,0.0775859145142951,0.06698231215445602,0.047632513496221524,-0.029953401018073575,-0.010603602359839079
CEP250,0.0726704127766534,0.03512102209469031,0.04138543505816776,-0.03128497771848564,-0.037549390681963085
CEP55,0.06304846789812962,0.020483168277428847,0.037817806559223996,-0.025230661338905627,-0.042565299620700776
CERCAM,0.03544862819595525,0.03053641902024164,0.030545011520776832,-0.004903616675178416,-0.004912209175713608
CERS5,0.0993539017475903,0.07133250000384198,0.04080108801570323,-0.058552813731887074,-0.028021401743748328
CES2,0.037872847302756155,0.02840956237105761,-0.0007416025502685478,-0.0386144498530247,-0.009463284931698544
CFAP36,0.04844727619676878,0.011110981511309808,0.03394762102078938,-0.014499655175979398,-0.03733629468545897
CFDP1,0.10390553992056664,0.0532573493587759,-0.03298969743496282,-0.13689523735552947,-0.05064819056179074
CGGBP1,0.12453120853211802,0.09471773282748705,0.10424525876966921,-0.02028594976244881,-0.02981347570463097
CHCHD6,0.029753044473510255,0.011671097035575645,0.01587553804462191,-0.013877506428888346,-0.01808194743793461
CHD1,0.040462171670884894,0.04200298011003088,0.027825689159503265,-0.012636482511381629,0.001540808439145988
CHD6,0.08319118009134678,0.07044301298496752,0.06084225589011109,-0.022348924201235694,-0.012748167106379257
CHFR,0.10075019955282222,0.06896239518563307,0.020645313690391263,-0.08010488586243095,-0.03178780436718914
CHST11,0.03369134814201215,0.00959563652558957,0.017092482749265565,-0.016598865392746583,-0.02409571161642258
CIR1,0.017718110918187677,0.02658657779233961,0.02612473316820665,0.008406622250018973,0.008868466874151933
CLASRP,0.1385109695224832,0.09473200656333264,0.03889023461082297,-0.09962073491166024,-0.04377896295915057
CLDN3,0.1391739058375157,0.13180026585184768,0.1240968008037387,-0.015077105033777016,-0.007373639985668035
CLDN4,0.2175007098413721,0.19763070023907206,0.18610001431581277,-0.031400695525559325,-0.019870009602300037
CLU,0.07932740431061105,0.041354719371011275,0.05403785283698497,-0.025289551473626083,-0.03797268493959978
CNN2,0.06754848732946667,0.056316208310058125,0.005890870251183095,-0.06165761707828357,-0.011232279019408542
COL14A1,0.0008653598251911962,0.005533745501997244,0.009476738183382847,0.008611378358191651,0.0046683856768060476
COL3A1,-0.010684152290783264,-0.02212930819812463,-0.015833649534534134,-0.00514949724375087,-0.011445155907341367
COL4A1,0.00635329493584781,-0.014475356638147733,-0.03247307396380554,-0.03882636889965335,-0.020828651573995542
COL6A2,-0.040652500226807345,-0.04996105529567225,-0.040791461362792644,-0.00013896113598529936,-0.009308555068864903
COL8A2,-0.014426214353599903,-0.027312629916121243,-0.03218469309368033,-0.017758478740080425,-0.01288641556252134
COMMD1,0.10740249589402981,0.08034700018651644,0.050293099052393105,-0.057109396841636705,-0.027055495707513366
COMP,-0.06491914625311326,-0.008799721680277239,-0.019306562195800164,0.045612584057313096,0.05611942457283602
COPS7A,0.11226643078633305,0.08281072856252941,0.09909480461192288,-0.013171626174410173,-0.029455702223803643
COQ4,0.08932568012641652,0.05034677751830341,0.03630210880446189,-0.05302357132195463,-0.03897890260811311
CORO1A,0.058338212320150545,0.03872039883540669,0.04231013726405972,-0.016028075056090822,-0.019617813484743854
CORO1B,0.0654354777538241,0.05259227174372889,0.053116339489652734,-0.012319138264171373,-0.01284320601009522
CORO2A,0.09510837895365631,0.07172342486995593,0.0472837870171296,-0.04782459193652672,-0.02338495408370038
CORO7,0.10449694988283827,0.07735705542589891,0.07362800695564789,-0.030868942927190376,-0.02713989445693936
COX5A,0.10928166520777946,0.06714601540065504,0.05329072536726353,-0.05599093984051593,-0.04213564980712442
CPNE1,0.1735417700140483,0.1472814402779394,0.13557714476732413,-0.03796462524672417,-0.026260329736108895
CPSF1,0.1036809129518018,0.08537083405791261,0.08703741689805916,-0.016643496053742643,-0.018310078893889192
CPVL,0.07977191299836596,0.06366062499407249,0.07073574179036402,-0.009036171208001945,-0.01611128800429347
CRABP2,-0.09456852728314133,-0.02403299915814112,-0.09021485992411318,0.004353667359028146,0.0705355281250002
CRACR2B,0.18162878462610516,0.1542405438890603,0.14303038644936333,-0.03859839817674182,-0.02738824073704485
CRELD2,0.13011671220164417,0.09725237185558175,0.07991086603958127,-0.0502058461620629,-0.03286434034606242
CROCC,0.030063773167925273,0.02593515529328424,0.041143697264926594,0.011079924097001322,-0.004128617874641034
CSF1,0.06094203631796237,0.027533089040910484,0.03667578641127507,-0.0242662499066873,-0.03340894727705189
CSF1R,0.028049893155795612,0.01693622039990731,0.007280356857213587,-0.020769536298582025,-0.011113672755888301
CTDSPL,0.09853498617298825,0.08390406442988722,-0.010957830180550939,-0.10949281635353919,-0.01463092174310103
CTIF,0.05006271883471008,0.026151719974901247,0.02566416210147549,-0.02439855673323459,-0.02391099885980883
CTSK,0.02046516069040725,-0.01227886035302368,-0.027342834794249548,-0.04780799548465679,-0.03274402104343093
CTU2,0.0442477868176435,0.027086351445286396,0.03535612895101212,-0.008891657866631382,-0.017161435372357103
CUTC,0.06765488169608208,0.04391772366281891,0.028691666197823717,-0.03896321549825836,-0.02373715803326317
CUX1,0.09917550163574088,0.06583789941332763,0.049675590053340136,-0.04949991158240074,-0.03333760222241325
CX3CL1,0.11698189871425047,0.07173898462652505,0.0703674793686738,-0.04661441934557667,-0.04524291408772542
CXCL10,0.11017924319641435,0.08610990352536901,0.0934537037289427,-0.016725539467471656,-0.02406933967104534
CXXC5,0.11545384370742694,0.10212872001423742,0.0916147801449477,-0.023839063562479237,-0.013325123693189514
CYP27A1,0.0343804529610935,0.03096192459436623,0.020844965445718615,-0.013535487515374887,-0.0034185283667272706
DAPK3,-0.025849385813940223,-0.02466610166648088,-0.05859414976128048,-0.03274476394734026,0.001183284147459343
DCAF6,0.10342131604056556,0.0705102677408986,0.06690239329498206,-0.03651892274558351,-0.03291104829966697
DCXR,0.1132582054125571,0.09549105769262312,0.0833540653291697,-0.029904140083387404,-0.017767147719933984
DDAH1,0.08449585450220028,0.06353378847607741,0.07075550906091073,-0.013740345441289548,-0.02096206602612287
DDB2,0.05804592397493405,0.03756888361654716,0.030337975489246688,-0.02770794848568736,-0.02047704035838689
DDIT3,0.08265913405549959,0.01809228409869132,0.03294791075729021,-0.04971122329820938,-0.06456684995680827
DDRGK1,0.06762582219396733,0.05241883813784609,0.03798095200520514,-0.02964487018876219,-0.01520698405612124
DDT,0.09573262774874224,0.07494684273285067,0.06773010773509293,-0.028002520013649307,-0.020785785015891567
DEAF1,0.08433147411790645,0.07248147951245294,0.021170459864522432,-0.06316101425338402,-0.01184999460545351
DENND1A,0.03009589872562846,0.003949849453760144,0.005367545007553653,-0.024728353718074806,-0.026146049271868317
DERL3,0.05158953777256178,0.030595963742369444,0.028720485736377355,-0.022869052036184428,-0.02099357403019234
DESI1,0.08212391217976883,0.0663758038035074,-0.020268834152224243,-0.10239274633199308,-0.015748108376261435
DHX16,0.08494318256238088,0.06849819523759881,0.06208434418577224,-0.022858838376608646,-0.01644498732478207
DLG1,0.028835409898288852,0.0065542757293739025,0.00842529748745989,-0.020410112410828962,-0.02228113416891495
DMAP1,0.11748206870640472,0.08997169150441295,0.09775486756647199,-0.019727201139932732,-0.027510377201991773
DNAJB2,0.12785850632572368,0.07808768427841375,0.024190281123567366,-0.10366822520215632,-0.049770822047309926
DNAJC1,0.13425589104122718,0.10280445234013742,0.0792562501703376,-0.05499964087088957,-0.031451438701089754
DNAJC7,0.1055089306040984,0.1046087255184444,0.07107478497794795,-0.03443414562615045,-0.0009002050856539989
DOCK6,0.09838179197950658,0.07746554100783726,0.04701924977936532,-0.05136254220014126,-0.020916250971669326
DPH3,0.04774148003072276,0.020430071787217636,0.017235481420418402,-0.03050599861030436,-0.027311408243505125
DPM2,0.010989606867807311,0.041668226562033416,-0.002258219239723286,-0.013247826107530596,0.030678619694226104
DPP7,0.08286576308386007,0.07582652062346343,0.07081357278866858,-0.012052190295191487,-0.007039242460396639
DPP9,0.06458104406426601,0.05575584384548109,0.03547996059557908,-0.029101083468686936,-0.008825200218784926
DPYSL3,0.0499997802090779,0.029951534365388038,0.02089103852750446,-0.02910874168157344,-0.020048245843689864
DVL1,0.10139056065191088,0.06663419341961356,0.04680285687120949,-0.05458770378070139,-0.03475636723229732
EBAG9,0.0599223620567855,0.03684199989291351,0.02654796433584153,-0.03337439772094397,-0.023080362163871992
ECHDC2,0.07630417866815503,0.035126868083653943,0.05477454167019145,-0.021529636997963585,-0.04117731058450109
ECM1,0.0569756034562517,0.04220338996747125,0.02927414844792132,-0.02770145500833038,-0.014772213488780453
EFEMP2,-0.002092281168153624,-0.0064041448366766295,0.007021518745978232,0.009113799914131856,-0.004311863668523005
EFHD2,0.05635893898653508,0.029335698358860157,0.016700233505042163,-0.03965870548149292,-0.027023240627674923
EGFR,0.019205493258097388,0.013793698523314343,-0.00867674337107541,-0.0278822366291728,-0.0054117947347830445
EIF1AD,0.061071255781864744,0.04859489704138344,0.03922634265304585,-0.021844913128818894,-0.012476358740481301
EIF3B,0.11900777719478382,0.08752965640115656,0.01228586854073568,-0.10672190865404814,-0.03147812079362726
EIF3F,0.02255185461359235,0.014986535456209978,0.005316438840281221,-0.017235415773311127,-0.007565319157382372
EIF3G,0.060452744517378865,0.04130720747984715,0.0458410622464349,-0.014611682270943963,-0.019145537037531718
ELN,-0.02145164820272749,0.0029595813344793793,-0.0019190734110745003,0.01953257479165299,0.02441122953720687
ELOF1,0.06199199783632332,0.0554624093282759,0.030572836931344816,-0.03141916090497851,-0.006529588508047426
EMC3,0.08872797517591736,0.04881227127554404,-0.045398375149455876,-0.13412635032537323,-0.03991570390037332
ENPP1,0.043244020636513086,-0.012561785995742574,-0.013786622426157143,-0.05703064306267023,-0.055805806632255664
EPHB3,0.06023438842907894,0.0806691922654298,0.06938130441796378,0.00914691598888484,0.020434803836350865
ERAL1,0.08531989080764835,0.06582182766152923,-0.003092258582675719,-0.08841214939032406,-0.019498063146119113
ERBB2,0.2175755522461017,0.1996605851195826,0.1226188731664595,-0.0949566790796422,-0.017914967126519105
ERI3,0.07096774833519405,0.06590675209228486,0.051421338994147095,-0.019546409341046955,-0.005060996242909191
ERMP1,0.1120695573089574,0.08638177506237837,0.08505297663462201,-0.02701658067433539,-0.025687782246579027
ESR1,0.030018607604677998,0.0371114859728761,0.02504915399158974,-0.004969453613088259,0.007092878368198101
ETFB,0.07692471074495826,0.045126524013482994,0.03636622198371178,-0.04055848876124647,-0.03179818673147526
EVA1B,-0.05538254622605522,-0.04174634495733072,-0.04499831572094654,0.010384230505108678,0.013636201268724502
EXD3,0.08088524594119346,0.059659793620480184,0.06069660147919412,-0.020188644461999347,-0.02122545232071328
EXO1,0.05568475555225528,0.03389619888950537,0.012964953336878035,-0.042719802215377245,-0.02178855666274991
EXOC5,0.12669990028778574,0.09047604788363521,0.10488490765059563,-0.02181499263719011,-0.03622385240415053
EXOSC1,0.11422296241576299,0.07624822336616863,0.04140768804186477,-0.07281527437389823,-0.037974739049594364
EXOSC10,0.11829821848665585,0.0988253901780676,0.08953057857191797,-0.02876763991473788,-0.01947282830858825
EXOSC2,0.08175031497380664,0.05436784900212395,0.07416958290139679,-0.007580732072409849,-0.027382465971682687
EZH2,0.1309542589182842,0.0969471821933489,0.04591689948470076,-0.08503735943358343,-0.03400707672493529
FAAH,0.11980579291215761,0.09089687352397104,0.09611147718627075,-0.023694315725886858,-0.02890891938818657
FADS2,0.1584268184111976,0.140538756954656,0.11346865151810213,-0.044958166893095466,-0.017888061456541593
FAH,0.017936137333136815,0.01662564900707188,0.004292254788983803,-0.01364388254415301,-0.001310488326064934
FAIM2,0.04395858146672099,0.04598157364493192,-0.0027965575219365854,-0.046755138988657574,0.0020229921782109264
FAM102A,0.1511045080051697,0.12914403869041582,0.13131203236701003,-0.019792475638159668,-0.021960469314753872
FAM117A,0.12184571934948449,0.08631203113197602,0.07690285709401885,-0.044942862255465635,-0.03553368821750846
FAM118A,0.06113058394511192,0.028039606566894408,0.02485798897301448,-0.03627259497209744,-0.03309097737821751
FAM160B1,0.023881358037447363,0.02821460751215792,-0.030432860160759502,-0.054314218198206865,0.004333249474710556
FAM173A,0.09046631888854102,0.05622005526607564,0.03884770096989963,-0.05161861791864139,-0.034246263622465384
FAM193B,0.18868535995762215,0.14854121549584726,0.12927390789840354,-0.059411452059218606,-0.04014414446177489
FAM213B,0.03403977607323067,0.010739619232553847,-0.04040464844035943,-0.0744444245135901,-0.023300156840676826
FAM3A,0.06615699654609235,0.04377056479402622,0.04136890907302719,-0.024788087473065157,-0.02238643175206613
FAM45A,0.030048315419777833,0.029519481588021708,0.039053651187699656,0.009005335767921823,-0.0005288338317561252
FAP,-0.017810749847423927,-0.016652361499027962,-0.03012767594380296,-0.012316926096379032,0.0011583883483959646
FARP1,0.13096462974814127,0.09817391844250631,0.08588621376549474,-0.04507841598264653,-0.03279071130563496
FARSB,0.11784391301732168,0.06662215432056526,0.06914511025848483,-0.048698802758836854,-0.05122175869675642
FASN,0.2520264543947024,0.23569276010535817,0.2237390865761415,-0.028287367818560893,-0.016333694289344225
FBF1,0.04721905327546182,0.024790272384895062,0.003042716802647305,-0.04417633647281451,-0.022428780890566755
FBLN2,0.081009529149906,0.03409894855897136,0.012588432956773745,-0.06842109619313226,-0.04691058059093464
FCER1G,0.05323308542441622,0.04040055384084687,0.030338044551017372,-0.022895040873398845,-0.012832531583569347
FDPS,0.1138479932024371,0.0922501301510115,0.045735738749867694,-0.06811225445256941,-0.02159786305142561
FGFR1,-0.02915876275413455,0.007563261802103448,-0.04328899537106884,-0.014130232616934288,0.036722024556238
FGFR4,0.10793848752008957,0.07287270523787981,-0.03715795732511712,-0.14509644484520667,-0.03506578228220976
FKBP10,0.0010852424197212822,0.010864198911187012,-0.011695096146222418,-0.0127803385659437,0.00977895649146573
FKBP8,0.09595258888511035,0.06098533074333767,0.06390455913693766,-0.032048029748172696,-0.03496725814177268
FLNA,-0.02122067362243355,-0.004229053965938908,-0.04350033423716494,-0.02227966061473139,0.016991619656494643
FN1,0.1400438418056289,0.12313500379516293,0.07732156794170564,-0.06272227386392326,-0.01690883801046597
FNBP4,0.07201247411854692,0.06023114069369158,0.05108853676227585,-0.020923937356271065,-0.011781333424855336
FOXA1,0.2297504454601237,0.17345720589559707,0.1765193255933227,-0.053231119866800986,-0.056293239564526615
FOXC1,-0.012680742392183671,-0.00039363224282747654,0.00226167832864938,0.014942420720833051,0.012287110149356194
FOXP4,0.1446871769433989,0.13255764604359038,0.10162298170238944,-0.04306419524100945,-0.012129530899808505
FSTL1,0.09149248285068189,0.052200514892014604,0.05898026223284549,-0.032512220617836395,-0.03929196795866728
FSTL3,0.016246265678548862,0.014785612803932112,0.021558396411924977,0.005312130733376115,-0.0014606528746167503
FUOM,0.07237731018273688,0.04629416751949303,0.03199058567547867,-0.04038672450725821,-0.026083142663243852
FUS,0.13344139645080233,0.10494698762698215,0.031429226145523265,-0.10201217030527907,-0.028494408823820178
FZD2,0.02934857135078626,0.02150701080636136,0.01607419769286474,-0.013274373657921522,-0.007841560544424902
GALK1,0.02628959344552518,0.004888939643303331,-0.017664597415109045,-0.04395419086063422,-0.02140065380222185
GANAB,0.1324995325599087,0.10603818067917134,0.1022552449034487,-0.030244287656460006,-0.026461351880737366
GAR1,0.08886023001835829,0.04796583708063117,0.053753740497051866,-0.03510648952130642,-0.04089439293772711
GAS6,-0.033741184209092986,-0.03390868858579411,-0.0372080061099663,-0.0034668219008733153,-0.00016750437670112056
GATA3,0.14567259318658143,0.11981602554983489,0.0919861431478316,-0.05368645003874983,-0.02585656763674654
GATC,0.10780824322661826,0.06565664300459946,0.009230419138971989,-0.09857782408764627,-0.042151600222018804
GBP1,0.11107876958143645,0.06886853804540212,0.06252322695542244,-0.04855554262601401,-0.04221023153603433
GBP2,0.11384609705683191,0.09687363152723279,0.10576163664907264,-0.008084460407759272,-0.01697246552959912
GBP3,0.07984838976189881,-0.017341175452350907,0.0035366296665277994,-0.07631176009537101,-0.09718956521424972
GBP4,0.012690579335567505,-0.03784840414536311,-0.0376839073097249,-0.050374486645292406,-0.05053898348093062
GBP5,0.021744234930014913,-0.016250862720996562,-0.01528636762975388,-0.0370306025597688,-0.03799509765101147
GEMIN4,0.07368029265012063,0.03416572685212009,0.044276417135892886,-0.029403875514227747,-0.03951456579800054
GLCCI1,0.07530606412422215,0.059832188115923474,0.0628211371049981,-0.012484927019224046,-0.015473876008298679
GLG1,0.0789678317939065,0.057134288554010725,0.0462954331644793,-0.032672398629427196,-0.021833543239895774
GLTSCR2,-0.013555584150184687,0.003374453779228985,-0.00029369998732145346,0.013261884162863233,0.016930037929413673
GMFG,0.06636858314837821,0.041506382982211154,0.03579803943883533,-0.030570543709542874,-0.024862200166167053
GMPPA,0.10676539194500587,0.07709874078666831,0.0875530539076664,-0.01921233803733946,-0.029666651158337554
GNAI2,0.023552652849026127,0.015959608871969885,-0.012742582539489893,-0.03629523538851602,-0.007593043977056242
GNAS,0.2989027975510879,0.2465219081400354,0.19644921141167834,-0.10245358613940955,-0.052380889411052484
GNL2,0.15819123272325356,0.10849419890097434,0.1198528297418408,-0.03833840298141275,-0.04969703382227922
GPR108,0.055333781249375075,0.02324373868681497,-0.010257717906011213,-0.06559149915538628,-0.03209004256256011
GPR160,0.10622367122272293,0.0642945047072684,0.04679367336786219,-0.059429997854860736,-0.04192916651545453
GPRC5A,0.07830285861915737,0.05666783824149796,0.0625820653874312,-0.015720793231726163,-0.02163502037765941
GPS1,0.0666780858118688,0.057499960333497614,0.0552591838022178,-0.011418902009651004,-0.009178125478371192
GPSM1,0.06447410467680179,0.03786096696682633,0.004878635687805784,-0.059595468988996,-0.026613137709975455
GPX3,0.0263737561611078,0.031227465268107244,-0.03659790918815278,-0.06297166534926057,0.004853709106999445
GRB7,0.20956453575986586,0.19179703088932254,0.18382688491519564,-0.025737650844670223,-0.01776750487054332
GRK3,0.0457261211022823,0.04490364964410226,0.04095623357521098,-0.0047698875270713245,-0.0008224714581800407
GSK3A,0.13052020828687014,0.11390775058920466,0.09533327945280495,-0.035186928834065184,-0.016612457697665478
GSTM3,0.015874549266441003,0.036694953431851814,0.03199682517981374,0.016122275913372737,0.02082040416541081
GYPC,-0.021420894099085305,-0.005708495896469656,-0.004835294920599526,0.01658559917848578,0.01571239820261565
HAGHL,0.08115644742835973,0.04769415405477777,0.04216284086063977,-0.03899360656771996,-0.03346229337358196
HCFC1R1,0.05759770064419884,0.021765318179005025,0.00973651139201788,-0.04786118925218096,-0.03583238246519382
HCST,0.05227749346575457,0.04963772071591474,0.0470576384554877,-0.005219855010266866,-0.0026397727498398277
HDAC5,0.05469458701456977,0.01860454653612361,0.028042968309422687,-0.026651618705147085,-0.03609004047844616
HDAC6,0.06035300091157306,0.032963346205931304,0.04778240553325357,-0.012570595378319484,-0.027389654705641753
HELZ2,0.07730162086502251,0.07078273858312198,0.07268657618646383,-0.00461504467855868,-0.006518882281900534
HES1,0.13237590450021194,0.10395514380287925,0.05437575796819076,-0.07800014653202118,-0.028420760697332695
HLA-B,0.08005935723645521,0.06551157581046073,0.04717804534306355,-0.03288131189339166,-0.014547781425994485
HLA-DMA,0.009134297811571613,0.0014748814692922751,-0.005075588738332729,-0.014209886549904342,-0.007659416342279338
HLA-DMB,0.057749152220171907,0.04232943301194053,0.011862765414245354,-0.04588638680592655,-0.015419719208231375
HLA-DOA,0.07479467211684761,0.04442425152630215,0.04929334850785956,-0.025501323608988047,-0.030370420590545455
HLA-DPA1,0.10518211025641519,0.07282407603599744,0.056833088462041825,-0.048349021794373365,-0.03235803422041775
HLA-DPB1,0.030301666318717065,0.021486652268063736,0.018293437847488846,-0.012008228471228219,-0.008815014050653328
HLA-DRA,0.14997119642551462,0.11288234161325472,0.05716430648844811,-0.09280688993706651,-0.0370888548122599
HLA-DRB1,0.08701125274649552,0.04688499419448049,0.011166589540283933,-0.07584466320621158,-0.04012625855201503
HMGB2,0.15270257881609933,0.07653067985592799,9.540841995250154e-07,-0.1527016247318998,-0.07617189896017135
HNRNPUL2,0.18675299599900136,0.14937089429286193,0.15827918493107862,-0.02847381106792274,-0.037382101706139426
HOOK3,0.0013428777677497766,0.006828272262083326,0.02161321961968291,0.020270341851933132,0.005485394494333549
HPS6,0.03701889463284268,0.016443278731340834,0.025724090356684343,-0.011294804276158334,-0.020575615901501844
HSD17B1,0.022747443787485597,0.012798618318836717,0.012629428208691496,-0.0101180155787941,-0.00994882546864888
HSPA4,0.09038046811930645,0.0631564489215414,0.04587187942112383,-0.04450858869818262,-0.027224019197765043
HSPB1,0.12826318189695765,0.10894602003056258,0.07087484067080851,-0.05738834122614914,-0.019317161866395066
HSPB11,0.12519106817390735,0.09505340332012316,0.09536327016896314,-0.029827798004944214,-0.03013766485378419
HYI,0.019333699640911098,0.000954911041192311,-0.02105668442708881,-0.04039038406799991,-0.01837878859971879
IDH3G,0.05624934879795941,0.044631545731656036,0.04422415812580838,-0.012025190672151034,-0.011617803066303375
IDUA,0.036995069548538526,0.012427677513572474,0.026583553823640457,-0.010411515724898068,-0.02456739203496605
IER5L,0.035095622067377395,0.060958302776705206,0.0610655656588099,0.025969943591432502,0.02586268070932781
IFI27,0.0824864930049429,0.05580408127432972,0.047936247749761976,-0.034550245255180925,-0.026682411730613184
IFI27L1,0.03927042217586411,0.008808497849009644,0.02833814681006975,-0.010932275365794358,-0.03046192432685446
IFI44L,-0.03728818038577724,-0.029215252880682552,-0.028351900744816087,0.008936279640961154,0.008072927505094689
IGFBP2,0.09120597965771254,0.08587641501910429,0.0754266958440806,-0.015779283813631945,-0.0053295646386082585
IGFBP4,0.014432915431237195,-0.0013376566772832794,0.007731016843111831,-0.006701898588125364,-0.015770572108520474
IGHA1,0.1385488536193001,0.12828869218348024,0.11663847482803724,-0.02191037879126287,-0.01026016143581987
IGHG3,-0.06994554089887936,-0.06279670514654506,-0.059009948722767186,0.010935592176112174,0.007148835752334298
IGHG4,-0.05246590314910527,-0.07322484542016594,-0.08709493956120046,-0.034629036412095186,-0.02075894227106067
IGHM,-0.021167428334630423,-0.008242913616825222,-0.009094231175340337,0.012073197159290085,0.0129245147178052
IGKC,-0.09058057728869752,-0.0964151973398512,0.0013496233317867204,0.09193020062048424,-0.005834620051153677
IGLC2,-0.10871182620114388,-0.10411581016730809,-0.0497873850827181,0.05892444111842578,0.00459601603383579
IGLC3,-0.05115922383427037,-0.036143849166359224,-0.03084078500609988,0.02031843882817049,0.015015374667911148
IGLC7,0.006633644630894871,-0.01819202447831335,-0.005395525426100094,-0.012029170056994967,-0.02482566910920822
IKZF3,0.07640266585764627,0.05470204806929582,0.0013559300515423368,-0.07504673580610394,-0.021700617788350446
IL10RA,0.06653930359716442,0.05507771189783301,0.05792944793917337,-0.00860985565799105,-0.011461591699331412
ILKAP,0.05407355335800086,0.0333792935441724,0.02775421193315713,-0.026319341424843733,-0.020694259813828463
INAFM1,-0.01376169591257681,-0.033737069029992996,-0.019337033858724536,-0.005575337946147726,-0.019975373117416186
INPP4B,0.02245161884829887,-0.012970562747719778,-0.03057922650383279,-0.053030845352131664,-0.03542218159601865
INPP5D,0.06496308234788321,0.04676095406435082,0.05549723210258743,-0.009465850245295782,-0.018202128283532397
INPP5J,0.06813324684801315,0.0349604493904459,0.040675168673945376,-0.027458078174067778,-0.03317279745756725
INTS8,0.14457846010955014,0.10592934260966891,0.08214074732880038,-0.06243771278074976,-0.03864911749988123
ISG15,0.0007044939436534271,0.008298739760096936,0.005947839836043426,0.005243345892389999,0.0075942458164435095
ISLR,-0.025021445986885132,-0.006378128743590184,0.00025695602913713457,0.025278402016022265,0.01864331724329495
ITGA5,0.05524700362179397,0.03312281260579745,0.029606723759273104,-0.02564027986252087,-0.022124191015996525
ITGB4,0.07948103416287637,0.07433628692551154,0.06774025140913717,-0.011740782753739201,-0.005144747237364827
ITGB6,0.21255025670544955,0.17989033532802667,0.14091970991367722,-0.07163054679177233,-0.03265992137742288
ITSN1,0.005295722785174957,0.01483605071220774,0.0193802526018691,0.014084529816694143,0.009540327927032783
JAG2,0.07171960824789907,0.05688891355003799,0.06643710728001638,-0.005282500967882686,-0.01483069469786108
JAK1,0.05822009515127939,0.001336324935903163,-0.02567051533593184,-0.08389061048721123,-0.05688377021537623
JAK3,0.06783895306571283,0.05101429855560652,0.05651148457979967,-0.011327468485913164,-0.016824654510106313
JCHAIN,-0.05022010161925877,-0.019632789403074422,-0.015359961923519409,0.03486013969573937,0.03058731221618435
JMJD6,0.09993525902108642,0.06617975183854868,0.02622054007027658,-0.07371471895080985,-0.03375550718253774
KAT6B,0.02167395467901311,-0.007013782745551468,0.0023830944731014765,-0.01929086020591163,-0.028687737424564576
KATNA1,0.0748767735813491,0.047562724897496744,0.06020815209265078,-0.014668621488698325,-0.027314048683852357
KCNAB2,0.05073010707251256,0.03130915984304787,-0.021190404201980338,-0.0719205112744929,-0.01942094722946469
KCTD10,0.10630074015366836,0.06305806014072571,0.07169602789519952,-0.03460471225846884,-0.04324268001294265
KDM4B,0.15452814453338176,0.12219261982943645,0.08212865234672287,-0.07239949218665889,-0.03233552470394531
KIAA0895L,0.09868641986536326,0.0546413099300675,0.045002368755739375,-0.05368405110962389,-0.04404510993529576
KIAA1211L,0.027834788589589824,-0.003128007280550082,-0.016017799862830962,-0.043852588452420786,-0.030962795870139906
KIAA1217,0.045299679950095637,-0.00013407082513178584,-0.05343557012658845,-0.09873525007668409,-0.04543375077522742
KIAA1468,0.05777241310653428,0.03320733941493037,0.022425375422799078,-0.035347037683735205,-0.024565073691603913
KIAA1715,0.09325533746247465,0.06945019726888761,0.07831882056369416,-0.014936516898780491,-0.023805140193587038
KIF13B,0.06544020836016075,0.039282865024097016,0.0229884702706896,-0.04245173808947115,-0.026157343336063732
KIF2C,0.043702958495091725,0.011812789955608775,-0.022226044044196435,-0.06592900253928816,-0.03189016853948295
KLF9,0.03950531294604425,0.008722644521807977,0.0328295297568522,-0.0066757831891920486,-0.030782668424236274
KMT2B,0.15922344445992961,0.13648249357711786,0.12833544688034848,-0.030887997579581133,-0.02274095088281175
KMT2E,-0.020941219760642144,0.004146735645297675,-0.029222695542824955,-0.008281475782182812,0.02508795540593982
KPNB1,0.08698979767132636,0.06604904920568107,0.06121509202866879,-0.025774705642657575,-0.020940748465645295
KRAS,0.049074121365036125,0.015287320625169692,-0.05857779799201521,-0.10765191935705133,-0.03378680073986643
KRT10,0.11871638273786388,0.08262791956901375,0.08694048085970349,-0.03177590187816039,-0.03608846316885013
KRT14,-0.023960077456121165,-0.020621293517981223,-0.01630163087591993,0.007658446580201234,0.003338783938139942
KRT17,-0.013567528592497213,-0.0062478972110271876,0.03614948686576191,0.04971701545825912,0.007319631381470026
KRT5,-0.004471229472284864,-0.0038033780854712443,0.020932996790822972,0.025404226263107836,0.0006678513868136199
KRT8,0.12672968673802149,0.103038498361959,0.07825960418505096,-0.04847008255297053,-0.02369118837606249
KRT86,0.020965511679217595,0.02731916731416229,0.027517901559797206,0.0065523898805796114,0.006353655634944694
LAMB2,0.07671893404427316,0.062071375767591905,0.040643072672586045,-0.03607586137168711,-0.014647558276681252
LAMTOR2,0.11232301241297445,0.08038894086788254,0.033755853485723505,-0.07856715892725094,-0.03193407154509191
LANCL1,0.02448366861844336,0.006399186509339617,-0.026166071758245302,-0.050649740376688665,-0.018084482109103742
LARP1B,0.05297192791352916,0.035951981632817924,0.04945878447723716,-0.003513143436291999,-0.017019946280711233
LARP7,0.045356787723442225,0.018801032070239476,0.03877093626345303,-0.006585851459989196,-0.02655575565320275
LCK,0.038612565547844,0.030000719378557434,0.03711402312611136,-0.0014985424217326404,-0.008611846169286567
LCP1,0.09638509651256155,0.08876141873906064,0.0805441867435809,-0.015840909768980657,-0.0076236777735009115
LGALS1,0.021288657626191244,0.0046376719351833035,0.02153795000309661,0.0002492923769053662,-0.01665098569100794
LIMCH1,0.061324070087181215,0.01663414562338261,-0.028640613573554297,-0.08996468366073551,-0.0446899244637986
LIMK1,0.0982268198066774,0.06737333586378684,0.0053419989774412535,-0.09288482082923614,-0.03085348394289056
LINC00176,0.044352814006757335,0.03462514323339039,0.018384566194155058,-0.025968247812602277,-0.009727670773366948
LINGO1,0.05271035830047402,0.03457114773364396,0.049715749757437505,-0.0029946085430365144,-0.018139210566830058
LLGL1,0.03949380856933204,0.026500792918951275,-0.010316326531835517,-0.04981013510116755,-0.012993015650380763
LMF1,0.0416608935768585,0.028242510498351837,0.025424954023822766,-0.016235939553035737,-0.013418383078506665
LMNA,-0.02617297273678708,-0.03801681140583061,-0.01151409086083299,0.014658881875954089,-0.011843838669043531
LRRC8A,0.06925793806627617,0.05152162502454553,0.03225664761450973,-0.03700129045176644,-0.017736313041730643
LRWD1,0.0655650397050809,0.042223409831169165,0.051685024043996816,-0.013880015661084086,-0.023341629873911737
LST1,-0.0022961756693470744,0.013031967858303382,0.013686816227694599,0.015982991897041672,0.015328143527650457
LTB4R,0.11927497058375335,0.08938689739387483,0.09865990596312547,-0.02061506462062787,-0.029888073189878517
LTBP3,0.018340885398149504,0.003967286229104101,0.0008087386069204928,-0.01753214679122901,-0.014373599169045403
LTF,0.07169964532210703,0.03610345470491806,0.04454134622637605,-0.027158299095730976,-0.035596190617188966
LUC7L,0.10951300816023317,0.09807218282281677,0.09632249615876284,-0.013190512001470325,-0.011440825337416402
LUC7L3,0.15202230975174744,0.12569226951634901,0.04804969564869993,-0.1039726141030475,-0.026330040235398422
LUM,0.04256956713172542,-0.01773790461845957,-0.00882248315972472,-0.051392050291450136,-0.060307471750184985
LYL1,0.009651960806970724,0.002363360494759519,0.003950316983773775,-0.005701643823196949,-0.007288600312211205
MAGEF1,0.16742809659502275,0.11592597733057602,0.027244099256942773,-0.14018399733807999,-0.05150211926444673
MAGI1,0.01847189146798777,0.011661421108732225,-0.01528392153328826,-0.03375581300127603,-0.006810470359255546
MAGOHB,0.06660104309294516,0.04986120224071358,0.03097939880493752,-0.03562164428800764,-0.016739840852231583
MAP1S,0.059075792050795814,0.04338911450052976,0.01801998658979271,-0.041055805461003105,-0.01568667755026605
MAP3K14,0.030243109134378648,0.02869231620770127,0.03439237428416928,0.004149265149790634,-0.0015507929266773794
MAP3K6,0.06516051970301848,0.04476190177963278,-0.03396697930656764,-0.09912749900958612,-0.020398617923385695
MAP4K2,0.04057332231368103,0.02706443625512111,0.016525356636913607,-0.02404796567676742,-0.013508886058559919
MAPK9,0.0604834990084372,0.03986051663041974,0.043108574407003705,-0.017374924601433493,-0.020622982378017456
MAPKAPK5,0.09459290249429136,0.06585814476495229,0.05377442026643047,-0.04081848222786089,-0.028734757729339075
MAPT,0.005692563119998328,-0.011113878445988453,-0.006683325773028164,-0.012375888893026493,-0.016806441565986784
MARS,0.12359648498362151,0.09825823218762639,0.0007947368394439196,-0.12280174814417759,-0.025338252795995123
MAVS,0.07086685950143307,0.046342784485392,0.004969193070898813,-0.06589766643053425,-0.024524075016041064
MCTS1,0.09076457446956869,0.02927063450011667,0.04057696039588747,-0.05018761407368122,-0.061493939969452016
MDM2,0.10338705325087126,0.04871165291491692,0.05414799207959754,-0.04923906117127372,-0.05467540033595434
MED13L,0.07540204679466575,0.03159916034724375,0.03480490678666676,-0.04059714000799899,-0.043802886447422
MED25,0.1089336121288249,0.0821284179948397,0.037369107368396236,-0.07156450476042867,-0.02680519413398519
MELK,0.05036754888086697,0.012637804825924331,0.04299053366759886,-0.007377015213268105,-0.037729744054942636
MEN1,0.04347937654693335,0.03233448772921778,0.013659755133528012,-0.029819621413405342,-0.011144888817715574
METTL12,0.002261725959948285,-0.0022322599037232814,-0.03192187043371564,-0.034183596393663924,-0.004493985863671566
METTL16,0.059277579478995174,0.036764740687576736,-0.011895182440966365,-0.07117276191996154,-0.022512838791418438
MFAP4,-0.019309241088685848,-0.024309995499972446,-0.008050539069729431,0.011258702018956417,-0.005000754411286598
MFSD3,0.01623115679701083,0.0038108124084004166,0.004551918247475176,-0.011679238549535653,-0.012420344388610413
MFSD7,0.024139807612756154,-0.0025418227413470046,0.010597358932719602,-0.013542448680036552,-0.026681630354103158
MGMT,0.06327461837250767,0.03838003696254976,-0.009107739555652692,-0.07238235792816036,-0.024894581409957907
MGP,-0.0591279594277329,-0.02110194150902827,-0.08054365064048277,-0.021415691212749874,0.03802601791870463
MIA,0.01125122863042403,0.018763015441022636,0.010614868617884752,-0.0006363600125392777,0.007511786810598607
MIB2,0.08437510357075309,0.051583836782212525,0.04340190953101808,-0.04097319403973501,-0.032791266788540566
MICAL1,0.06761162719269898,0.05501085894847829,0.05059149267683355,-0.017020134515865426,-0.012600768244220684
MICALL2,0.08297427985392679,0.05226051628405909,0.038886247241729816,-0.04408803261219697,-0.0307137635698677
MID1IP1,0.1440242662849866,0.06364067763996423,0.04038996247828945,-0.10363430380669715,-0.08038358864502237
MIF,0.05668096064620437,0.03628923734234342,-0.00343157888386601,-0.06011253953007038,-0.02039172330386095
MIIP,0.09948775291427257,0.0737074461038471,0.045463811553473316,-0.05402394136079926,-0.02578030681042548
MKI67,0.11322282230530019,0.08755375544991445,0.09070480293874081,-0.02251801936655938,-0.02566906685538574
MKNK1,0.09812423798833449,0.0743519320668668,0.05340047727354462,-0.04472376071478987,-0.023772305921467687
MLLT4,0.0821954370035336,0.04388108833106023,0.041099777036949725,-0.041095659966583875,-0.03831434867247337
MLPH,0.16973466053145506,0.15014515372468148,0.12469659068384334,-0.04503806984761172,-0.01958950680677357
MLST8,0.11389993515236041,0.09808001641161583,0.09505420687595767,-0.01884572827640274,-0.01581991874074458
MMP11,0.1643262682848082,0.10783718827891763,0.08680941406176687,-0.07751685422304133,-0.05648908000589058
MMP9,0.060072263431396766,0.053033033714258423,0.048140997114648865,-0.011931266316747902,-0.007039229717138343
MORC2,0.13977377960329362,0.10440298316063337,0.03564548682604883,-0.1041282927772448,-0.03537079644266025
MPND,0.07158729109498091,0.052554894586828126,0.05403611509948639,-0.017551175995494522,-0.019032396508152784
MPST,0.0979397334898737,0.065214262061654,0.028228480018528065,-0.06971125347134563,-0.0327254714282197
MRPL2,0.04527193518868572,0.017462413129490206,0.011636921757096349,-0.03363501343158937,-0.027809522059195513
MRPL21,0.13628221111119843,0.0895720150408084,0.10495963998895791,-0.03132257112224052,-0.04671019607039002
MRPL23,0.027240922669369005,0.015593049701260554,-0.014526971583667175,-0.04176789425303618,-0.011647872968108451
MRPL51,0.12188685275329048,0.08952144880954717,0.07535198870557583,-0.04653486404771465,-0.03236540394374331
MRPL54,0.008577524137055917,-2.0183419064422493e-05,-0.011341897909555042,-0.019919422046610957,-0.008597707556120339
MRPS22,0.1054966216160091,0.06979645483023261,0.07720588572261414,-0.028290735893394967,-0.03570016678577649
MS4A6A,0.06617513388157578,0.03687979507497908,0.045386438661530866,-0.020788695220044916,-0.029295338806596703
MST1R,0.10723941573853103,0.06515281065255704,0.07515902689330077,-0.03208038884523026,-0.04208660508597399
MTG2,0.10052217884653963,0.06468977183003563,0.06973331870598158,-0.030788860140558053,-0.035832407016504
MTMR12,0.08639816890514757,0.06281422674792606,0.029924105604112485,-0.05647406330103508,-0.02358394215722151
MUC1,-0.03168299160818416,-0.027859391970687247,-0.04396362840026722,-0.012280636792083056,0.003823599637496917
MUCL1,0.11856342761065167,0.07538458400289229,0.029763610526192797,-0.08879981708445887,-0.04317884360775938
MUS81,0.11886503749336345,0.07267352172309802,0.07273855432766783,-0.04612648316569562,-0.04619151577026544
MVP,0.07412153400159828,0.04497361822806631,-0.019393908755891046,-0.09351544275748933,-0.02914791577353197
MX2,0.05050627690879925,0.04070167975712688,0.041051650014936686,-0.009454626893862561,-0.009804597151672367
MYBL2,0.09802637562578652,0.06410450011871908,0.06116843636629169,-0.03685793925949483,-0.033921875507067434
MYC,0.09147273627390239,0.022088708266532513,-0.002091717930227466,-0.09356445420412986,-0.06938402800736987
MYH10,0.04313633343259517,0.04144632294570721,0.030561372651331582,-0.012574960781263585,-0.0016900104868879592
MYL12B,0.2339699449906603,0.1895392164747221,0.17857029504451064,-0.055399649946149654,-0.044430728515938184
MYL6B,0.050177270781746094,0.017468969802090978,0.0041876206614566225,-0.04598965012028947,-0.03270830097965512
MYL9,0.019798222636862806,-0.012998688655284604,0.0007287409962480745,-0.01906948164061473,-0.03279691129214741
MYO1G,0.03759361650960265,0.021529716951289416,0.019462518636150093,-0.018131097873452556,-0.016063899558313232
MYO9B,0.08442816333411968,0.050477678429717336,0.0535326875547997,-0.030895475779319975,-0.03395048490440234
MZT2A,0.019928245513134407,0.045286370744504784,0.023272268431443647,0.0033440229183092397,0.025358125231370376
NAA10,0.09512370909548648,0.07682700146684052,0.061231555255843645,-0.033892153839642836,-0.018296707628645964
NANS,0.044646740101872626,0.03064940033702897,-0.025707343879967186,-0.07035408398183982,-0.013997339764843655
NAT1,0.05802766883391239,0.024418033204028092,0.06762780561837485,0.009600136784462462,-0.033609635629884296
NCKAP1L,0.0358555333964757,0.014675582840723058,0.007079872349693306,-0.028775661046782395,-0.02117995055575264
NCKAP5L,0.04777852047792203,0.030033316746112277,0.04395199651234087,-0.003826523965581162,-0.017745203731809756
NDC80,0.027381929082318193,0.01380756389378629,-0.00024722678042865266,-0.027629155862746845,-0.013574365188531903
NDRG1,0.15060254196794304,0.12483339942296265,0.09574394473329276,-0.05485859723465028,-0.02576914254498039
NDUFA1,0.1343706825853951,0.1151440410486203,0.09175739290983594,-0.04261328967555918,-0.019226641536774808
NDUFA12,0.12794604190135825,0.08534984984546658,0.08390740071275299,-0.04403864118860526,-0.04259619205589167
NDUFB2,0.1638669092896595,0.1337888633282095,0.027931413890389712,-0.13593549539926977,-0.03007804596145
NDUFB3,0.13663868929299813,0.10442020427346986,0.10421294596139134,-0.03242574333160679,-0.03221848501952827
NDUFB9,0.039805597532452684,0.05158362056997921,-0.037968755487567986,-0.07777435302002067,0.011778023037526529
NDUFC1,0.14206444584494562,0.08979634785313968,0.10232394003222113,-0.039740505812724494,-0.05226809799180594
NDUFS1,0.14638298506200476,0.10806533159682388,0.10914451582348349,-0.03723846923852127,-0.03831765346518087
NDUFV3,0.04237963595069071,0.016818925947774205,-0.03763299970946268,-0.0800126356601534,-0.025560710002916508
NEBL,0.038764433665719134,0.05547051064203901,0.01716659117112084,-0.021597842494598292,0.01670607697631988
NEK7,0.07361228995780536,0.024660326556450916,0.057994836720963526,-0.015617453236841834,-0.048951963401354444
NELFE,0.0246974671244161,0.028286162023695112,0.004529876706030801,-0.020167590418385298,0.0035886948992790123
NFATC4,0.018895813874397975,0.019415392276336426,0.028585872587024372,0.009690058712626397,0.000519578401938451
NFIC,-0.056460195839555874,-0.01458832807980149,-0.0008135837864009857,0.05564661205315489,0.041871867759754385
NINJ1,0.0935113816000687,0.05308218145208417,0.056835641640753234,-0.03667573995931546,-0.040429200147984526
NIT2,0.1186130426587642,0.058366523759349594,0.024050891819703518,-0.09456215083906068,-0.060246518899414604
NMRAL1,0.12127510975088805,0.08811492547444665,0.07256599504346317,-0.04870911470742488,-0.03316018427644141
NR1H2,-0.025296201579665882,0.0071905529209456975,0.007814148338353961,0.033110349918019845,0.03248675450061158
NR4A1,0.016795728972440874,-0.01039752375599355,-0.018987233249033144,-0.03578296222147402,-0.027193252728434425
NRP1,0.029628044195568717,0.026220678635376832,0.023353417554507268,-0.006274626641061449,-0.003407365560191885
NSMCE1,0.08157234136538821,0.06467673729207017,0.05197435447152387,-0.029597986893864343,-0.01689560407331804
NTMT1,0.037784185142750545,0.005009650186568145,0.01540698224951889,-0.022377202893231654,-0.0327745349561824
NUF2,0.05270099898190431,0.026711996455040403,0.0375961371179659,-0.015104861863938404,-0.025989002526863904
NUP214,0.07642859770127972,0.04542258603175246,0.042391180647252356,-0.03403741705402736,-0.031006011669527253
NUP93,0.11893530398236851,0.08122538276948336,0.10036691065222764,-0.018568393330140875,-0.03770992121288515
NXN,0.03602606596084379,0.007937042404870951,-0.015666338651223653,-0.05169240461206744,-0.02808902355597284
OASL,0.027866752543307984,0.01463027367170795,-0.015450459386349605,-0.04331721192965759,-0.013236478871600033
OGFRL1,0.03956090398978605,0.010038362426401472,-0.010208452725754283,-0.049769356715540336,-0.02952254156338458
OPTN,0.038680128766724296,0.004224620161674327,0.012689602749521417,-0.025990526017202878,-0.03445550860504997
ORC2,0.009881357846533316,0.012056611426938493,-0.03764870512138337,-0.04753006296791669,0.0021752535804051773
ORC6,0.06455465839101779,0.05241184617551095,0.028670172767720634,-0.03588448562329716,-0.012142812215506837
OSBPL8,-0.009605029353487895,-0.00414065834052066,-0.016621885860653694,-0.007016856507165799,0.005464371012967235
P4HA2,0.03451517884636395,0.012749189307141678,-0.002946096342298251,-0.0374612751886622,-0.021765989539222274
PAF1,0.032603265418485586,0.024801956129791455,0.035208615527228475,0.002605350108742889,-0.00780130928869413
PAFAH1B3,0.08061090917097949,0.05736453278028063,0.03283679290244272,-0.04777411626853677,-0.02324637639069886
PAQR4,0.09781374534408396,0.08444332829252034,0.07594635903015463,-0.02186738631392933,-0.013370417051563624
PARN,0.029316241226417582,-0.005650914910260705,0.002333973956269495,-0.02698226727014809,-0.034967156136678286
PCCB,0.09839887069313391,0.06057317015790584,0.0006382579258323142,-0.0977606127673016,-0.037825700535228074
PCIF1,0.060107203727900904,0.025712467589308743,0.04848310120746563,-0.011624102520435275,-0.03439473613859216
PDCD5,0.15667534158899057,0.11844044601094506,0.06916868754441896,-0.08750665404457161,-0.03823489557804552
PDGFRA,-0.01515822920385117,-0.012510899769319095,-0.00894871042604696,0.006209518777804211,0.0026473294345320756
PDGFRB,0.01769181284946288,-0.0005044131676468879,-0.00046455126788040634,-0.018156364117343286,-0.018196226017109768
PER1,0.08711317330296123,0.055595518600983704,0.061670349872359115,-0.025442823430602113,-0.031517654701977524
PEX11G,0.024475250089735827,0.023444648222472057,0.023479452544547537,-0.00099579754518829,-0.0010306018672637703
PEX14,0.03296568671593202,0.017552172980556738,0.0329107717437215,-5.491497221052355e-05,-0.015413513735375285
PGLS,0.04992853258039768,0.04267015697958052,0.022524456425480177,-0.027404076154917502,-0.007258375600817157
PGR,0.021247462552945802,0.0018296523436026162,0.037677357212162574,0.016429894659216772,-0.019417810209343186
PHF11,0.03776363983437831,-0.01021462427214307,0.015145945755823597,-0.022617694078554712,-0.04797826410652138
PHF13,0.06841604406834072,0.0539717169567208,0.05760719689005539,-0.010808847178285327,-0.014444327111619915
PHF21A,0.052694971888431204,0.025757336742062768,0.0004129444641825797,-0.052282027424248624,-0.026937635146368436
PHGDH,0.11820697595492145,0.0927979931203585,0.06230264850699195,-0.0559043274479295,-0.025408982834562957
PHKB,0.0998053487747162,0.08217698981231723,0.0801292619550122,-0.019676086819703995,-0.017628358962398963
PIGQ,0.09214711336903339,0.06452348650660099,0.015376595671886211,-0.07677051769714718,-0.0276236268624324
PIH1D1,0.017935247184756024,0.025529245774601216,0.02575803661313271,0.007822789428376685,0.007593998589845191
PILRA,0.0432045126210727,0.032674780688507314,0.039909086484396894,-0.0032954261366758067,-0.010529731932565387
PIM2,0.09990361931289082,0.07108475297107922,0.06726103189846412,-0.0326425874144267,-0.028818866341811605
PITX1,0.07355416861293801,0.028423500873885826,-0.058116005122174845,-0.13167017373511286,-0.04513066773905218
PKNOX1,0.05795513732191605,0.03902674580226479,0.04379586635404034,-0.014159270967875712,-0.018928391519651262
PLAC9,0.02168878794836212,0.018666741684483616,0.007642931750019403,-0.014045856198342716,-0.003022046263878503
PLEKHO2,0.02058432010767823,0.0055057434444408,-0.00752868026000213,-0.02811300036768036,-0.01507857666323743
PLIN2,0.04251489116762724,0.021888474423893613,0.02286572724505507,-0.01964916392257217,-0.020626416743733625
PLK1,0.10122821967470946,0.060570141065452734,0.056501508452994176,-0.04472671122171529,-0.04065807860925673
PLK2,0.15161302545892366,0.12547260336546917,0.10955406836915928,-0.042058957089764384,-0.02614042209345449
PLLP,0.08620181903730736,0.06195022514424874,0.014527184243092635,-0.07167463479421474,-0.024251593893058622
PLP2,0.05707213568468525,0.05341010933385094,0.039126752704255655,-0.017945382980429594,-0.0036620263508343118
PLPPR2,0.06454608603468831,0.035595283543434365,-0.038239622519327165,-0.10278570855401548,-0.028950802491253945
PLSCR1,0.05608675686396647,0.03544097303153839,0.03805349778180395,-0.018033259082162523,-0.02064578383242808
PLTP,-0.015889162946522723,-0.01631643344303809,-0.02778751247398596,-0.011898349527463235,-0.00042727049651536744
PLVAP,-0.019219110083716233,0.0026869861962336454,0.006033660696984961,0.025252770780701192,0.02190609627994988
PLXNA1,0.15935958539231412,0.12399825026749005,0.10650882515102149,-0.052850760241292635,-0.035361335124824075
PLXND1,0.0959142260419035,0.05649969564519164,0.025959331609348112,-0.06995489443255538,-0.03941453039671186
PMP22,-0.0003093575813506639,-0.012918066303261432,-0.04619353167040521,-0.04588417408905455,-0.012608708721910769
PNISR,-0.018941028889247504,0.0060762330073578195,-0.019394161075905546,-0.00045313218665804164,0.025017261896605324
PNMT,0.08927878706117534,0.07925428133963511,0.07614773769203612,-0.013131049369139225,-0.010024505721540233
PNP,0.06181863849361763,0.04829950052583504,0.05259822124779499,-0.009220417245822635,-0.01351913796778259
PNPLA6,0.09816597422090739,0.06711192155936661,-0.009373170452075225,-0.10753914467298262,-0.03105405266154078
PODNL1,0.019768416726419887,0.00459050691046871,-0.028301854402845123,-0.04807027112926501,-0.015177909815951176
PODXL,0.051941597331303914,0.03969077465923729,0.01958718020068611,-0.032354417130617805,-0.012250822672066626
POLR2E,0.04671479987400046,0.02316304264668881,-0.012669990643474923,-0.05938479051747538,-0.023551757227311648
POLR2J,0.07184606272390055,0.047442958766830065,-0.019574079423128884,-0.09142014214702944,-0.024403103957070488
POR,0.106458475954498,0.09098496861215158,0.08694650582303982,-0.01951197013145818,-0.015473507342346426
POSTN,0.06907381824747935,0.026705653951904197,-0.013565865152176362,-0.08263968339965572,-0.042368164295575154
PPHLN1,0.10046524647537936,0.07383778835663601,0.05923705465303699,-0.041228191822342365,-0.02662745811874334
PPIB,-0.019678275810229327,-0.009958253446170627,-0.0023733653067304723,0.017304910503498853,0.0097200223640587
PPIH,0.06308735377221603,0.019387962259864663,0.031235472404573694,-0.03185188136764233,-0.04369939151235136
PPM1G,0.1211367910060265,0.0827523470679927,0.07000143893366159,-0.051135352072364915,-0.03838444393803381
PPP1R1A,0.03681840829562021,0.02171289481640793,-0.01641227596909121,-0.05323068426471142,-0.015105513479212282
PPP1R1B,0.044853828208791156,0.05764531280036036,0.0435965379546918,-0.0012572902540993539,0.012791484591569202
PPP1R37,0.07537439664816825,0.06164677307600461,0.059290668185546666,-0.016083728462621585,-0.013727623572163644
PRKAB1,0.1129445475707448,0.08323192564606154,0.0666141958653815,-0.0463303517053633,-0.02971262192468327
PRKCSH,0.17667926464434933,0.14265261000413623,0.14432649629772762,-0.03235276834662171,-0.034026654640213094
PROSER1,0.0724435458987914,0.05135178989366636,0.03514380206210303,-0.03729974383668837,-0.021091756005125042
PRPF6,0.09327222693360915,0.07399063651770786,0.0674565338588116,-0.025815693074797544,-0.019281590415901287
PRPSAP1,0.10711237311807405,0.07677091334400105,0.07054444073015871,-0.036567932387915336,-0.030341459774073
PSCA,0.04632533517911273,0.038944059103671186,0.0341338326469045,-0.012191502532208229,-0.007381276075441541
PSMD4,0.07381724973738409,0.02083548848544183,-0.0257025879190741,-0.0995198376564582,-0.05298176125194226
PSTPIP1,0.03402740132186558,0.033691118909198424,0.032757962698365305,-0.001269438623500277,-0.00033628241266715764
PTGDS,0.03172262885565535,0.029105047713278605,0.026609722938070467,-0.0051129059175848805,-0.002617581142376743
PTOV1,0.12518975398831897,0.09535758846204964,0.08464462712582291,-0.04054512686249606,-0.029832165526269327
PTP4A3,0.0581402211074791,0.03164830260872387,0.020965046936046634,-0.03717517417143247,-0.026491918498755228
PTPRC,-0.008803362794075875,0.006570384904042726,-0.04998057246491186,-0.04117720967083598,0.015373747698118601
PTPRJ,0.1136800396988246,0.08102384968058364,0.06565576032639656,-0.04802427937242805,-0.032656190018240966
PTRF,0.026514624140546457,0.02568469007797785,0.030734189826043035,0.004219565685496578,-0.0008299340625686075
PTRH1,0.023913810443865608,0.01661200732468201,0.02849540436224394,0.004581593918378334,-0.0073018031191835996
PTTG1,0.1205594895361969,0.10034614315170284,0.08368924523309498,-0.036870244303101915,-0.020213346384494055
PUS3,0.02707555364182008,0.006524647252174918,-0.009720428954521354,-0.03679598259634143,-0.02055090638964516
PWP1,0.07514324647196748,0.05366403737049044,0.0025611304329920814,-0.0725821160389754,-0.021479209101477034
PWWP2B,0.07270925660710086,0.056544840842979206,0.023015788735962363,-0.04969346787113849,-0.01616441576412165
PXDN,0.13271650689448553,0.10588278123742505,0.10128536886858601,-0.031431138025899516,-0.026833725657060478
PYURF,0.08174444625162217,0.045092227343693586,0.005948713359104284,-0.07579573289251788,-0.03665221890792858
QSOX1,0.13370822007823913,0.12063639552106536,0.0992195022843988,-0.03448871779384033,-0.013071824557173761
R3HDM2,0.08398539791448975,0.05778822986321053,0.06121497159096436,-0.02277042632352539,-0.026197168051279224
RAB11FIP1,0.05099134468890987,0.09166198008949854,0.0032634832163455987,-0.04772786147256427,0.04067063540058867
RAB3A,0.03662872058553666,0.0237247578457276,0.02218191580756829,-0.014446804777968367,-0.012903962739809056
RAB3GAP1,0.12627586129779822,0.08384142159544056,0.0847681570104604,-0.04150770428733783,-0.04243443970235766
RAB3IL1,0.0030452182274120143,-0.005015900550624515,-0.004728820262214363,-0.007774038489626377,-0.00806111877803653
RABGAP1L,0.07522599959047131,0.05098572612915917,0.010058570647157837,-0.06516742894331348,-0.02424027346131214
RALBP1,0.006601632404905213,-0.011279111202389036,-0.015669725364461373,-0.022271357769366586,-0.017880743607294247
RALGAPA2,0.06044081911304844,0.022293906514313226,0.002623263343496611,-0.057817555769551825,-0.03814691259873521
RAMP2,-0.019907008019596065,-0.028210271074497306,-0.014817209954373755,0.00508979806522231,-0.008303263054901242
RAP1B,-0.01206711889935159,0.0033635477449113,-0.015027130409110565,-0.002960011509758975,0.015430666644262889
RARS2,0.011022350275827313,0.010438068089306508,-0.036647207147913974,-0.047669557423741286,-0.0005842821865208042
RASA2,0.05092993979580332,0.027281571187637656,0.050897489807174026,-3.244998862929338e-05,-0.023648368608165663
RASGRP2,-0.010842773614625614,-0.008386236281526025,-0.0344175721803294,-0.023574798565703783,0.0024565373330995895
RASSF3,0.06764889202608673,0.06886528028557123,0.0481533722072827,-0.019495519818804034,0.0012163882594845021
RBL1,0.08661988227097883,0.04119033529509922,0.04466744580432866,-0.04195243646665017,-0.045429546975879614
RBM42,0.1237201902413777,0.09460848051436835,0.09074229979000933,-0.03297789045136837,-0.029111709727009355
RECQL4,0.06981738223596105,0.044511178220399315,0.042293029381119465,-0.02752435285484159,-0.025306204015561738
RECQL5,0.09322638602299889,0.06980932063057456,0.06601832934720542,-0.02720805667579347,-0.02341706539242433
REEP6,0.053382278026856494,0.020747831288760565,0.03631885029150053,-0.017063427735355963,-0.03263444673809593
RGS1,0.09342863730210552,0.025231650633475065,0.03761952139981642,-0.0558091159022891,-0.06819698666863044
RHOB,0.1961862775307164,0.1373483343719013,0.10921536687941273,-0.08697091065130368,-0.058837943158815104
RIOK1,0.0455825394039731,0.043135030695102536,-0.004607517851260939,-0.05019005725523404,-0.0024475087088705674
RMND1,0.01510529209210288,-0.0018256166544927737,0.012392545722582226,-0.002712746369520654,-0.016930908746595655
RNASET2,0.14350653642791666,0.10963656769574968,0.11164400316870865,-0.031862533259208015,-0.03386996873216698
RND3,0.07953769234986245,0.007669281560352063,0.02431946226568045,-0.055218230084182,-0.0718684107895104
RNF135,0.08475073636443586,0.06545615808435432,0.04614329976880821,-0.03860743659562765,-0.019294578280081548
RNF170,0.023833312395402147,0.004813514619996691,-0.02892358815209755,-0.052756900547499694,-0.019019797775405457
RRAS,0.063677394728825,0.022258154917096526,0.03582800255104828,-0.027849392177776718,-0.04141923981172847
RRM2,0.15706699622371245,0.1233198442472395,0.12401902002886854,-0.03304797619484391,-0.03374715197647295
RSL1D1,0.07749727227614034,0.04142202947284751,0.007608573931235702,-0.06988869834490463,-0.03607524280329283
RSRP1,0.0850158704076235,0.046397921779636225,0.05731875716253949,-0.02769711324508401,-0.03861794862798727
RUVBL1,0.10581694190972483,0.07612027563817343,0.05350648841757688,-0.052310453492147954,-0.029696666271551403
S100A14,0.06576689237704753,0.06240896963547742,0.038708186380441024,-0.0270587059966065,-0.0033579227415701032
S100A9,-0.02339590823022399,-0.017077877987215037,-0.018353858904520976,0.005042049325703013,0.006318030243008952
SAMM50,0.08580006189447612,0.06641798471567976,-0.01725923462950498,-0.1030592965239811,-0.01938207717879635
SASH1,0.04826345362081194,0.025585767433845028,0.03779182690088167,-0.010471626719930273,-0.022677686186966913
SAT1,0.09992169056865699,0.08111679031340141,0.04143673256887348,-0.05848495799978351,-0.01880490025525558
SCAF1,0.05155276449998157,0.050207371077418676,0.04322339039198838,-0.008329374107993191,-0.0013453934225628947
SCD,0.2064081007884539,0.17526737243486704,0.14758848475000025,-0.05881961603845365,-0.03114072835358686
SCNN1D,0.019692554868485188,0.015514396035832446,-0.002802545980847006,-0.022495100849332192,-0.004178158832652741
SCX,0.09837560078558392,0.05914502008033047,0.07775672044887232,-0.02061888033671161,-0.039230580705253454
SDHB,0.12105691251748671,0.08614470403797642,0.09296686630229388,-0.02809004621519283,-0.03491220847951029
SEC14L2,-0.018650254825351636,-0.020055653304216485,-0.027019113023131376,-0.00836885819777974,-0.0014053984788648492
SEC23A,0.010726925724555308,-0.011113713980512717,0.0033196763405367,-0.007407249384018608,-0.021840639705068027
SEMA3B,0.006624561996609632,0.02629327800473538,0.027413024537596385,0.020788462540986753,0.019668716008125746
SEMA4B,0.13183975122600572,0.0954707241659648,0.07208019099904195,-0.05975956022696377,-0.036369027060040915
SF3B4,0.027328802944935008,0.00019478601517713273,-0.03585668909951732,-0.06318549204445233,-0.027134016929757875
SFRP1,0.013993967755055082,-0.011105953465329853,-0.01876525806950587,-0.03275922582456095,-0.025099921220384937
SFSWAP,0.10675868345558763,0.05336380334440333,0.06495847126075736,-0.041800212194830266,-0.053394880111184304
SGTA,0.11130203338383962,0.09077034170798436,0.08122867983282403,-0.03007335355101559,-0.020531691675855265
SH3BP5L,0.07041188768326952,0.05020981625320288,0.020508412912452464,-0.04990347477081705,-0.020202071430066637
SIGLEC1,0.03606867440618143,0.025424899944036034,0.024939592194189474,-0.011129082211991957,-0.010643774462145397
SIGMAR1,0.09740568137416043,0.06872892467435254,0.01878571082208219,-0.07861997055207824,-0.02867675669980789
SLC16A2,0.058256977309647906,0.04544938298625532,0.022412832314807347,-0.03584414499484056,-0.012807594323392589
SLC16A3,0.09276623302199799,0.08061979671407926,0.07572421932983675,-0.01704201369216124,-0.012146436307918729
SLC22A18,0.05129328271421951,0.024778095495988556,0.03087470194096649,-0.020418580773253023,-0.026515187218230957
SLC25A24,0.08817630087826421,0.05473476441748515,0.013704239129260633,-0.07447206174900357,-0.03344153646077906
SLC2A1,-0.03814571720417045,-0.013233660807005214,-0.06395244891174806,-0.025806731707577614,0.024912056397165233
SLC2A8,0.053988330433581734,0.035821859365366145,0.02960046368904589,-0.024387866744535844,-0.01816647106821559
SLC35A2,0.1120405220609883,0.07766599298560072,0.0031923997277282503,-0.10884812233326005,-0.034374529075387586
SLC39A6,0.14862580618177393,0.10055464174860612,0.10219661300183835,-0.046429193179935574,-0.04807116443316781
SLC43A1,-0.015614926956661362,-0.01937617328273966,-0.018216803185590165,-0.0026018762289288025,-0.003761246326078299
SLC4A5,0.07170385518158816,0.027806044075978,0.03081586903342584,-0.04088798614816232,-0.043897811105610154
SLC8B1,0.059476442230194694,0.04224484197860564,0.01013553121081769,-0.049340911019377,-0.017231600251589055
SLC9A3R2,0.043514169266648,0.04577256003628892,-0.02082027318030812,-0.06433444244695612,0.0022583907696409194
SLC9A8,0.06631303534917879,0.03969258555172639,0.04525776337115796,-0.02105527197802083,-0.0266204497974524
SLFN13,0.06939374974825191,0.04650911417433831,0.0427271521434014,-0.02666659760485051,-0.022884635573913598
SLPI,0.06163010130205507,0.04918916950965767,0.04193836386129264,-0.019691737440762427,-0.0124409317923974
SMCHD1,0.06569877143804066,0.07321852800547143,0.06154186665010197,-0.0041569047879386894,0.0075197565674307715
SMG9,0.12676876070973148,0.09853047358615206,0.0820138401898157,-0.04475492051991578,-0.02823828712357941
SMYD2,0.0852841329354829,0.06047805764076072,0.05685159988801552,-0.02843253304746738,-0.02480607529472218
SNAPC3,0.04289714707824782,0.01731147894730215,0.004285334074642255,-0.03861181300360557,-0.02558566813094567
SNF8,0.06284350648879088,0.055379090971906984,0.04618826446975162,-0.016655242019039257,-0.007464415516883892
SNRPD3,0.14168919826788168,0.10760405254057141,0.03453503107449939,-0.10715416719338229,-0.034085145727310265
SNTA1,0.04132086740947208,0.033422310387601774,0.027236050006055383,-0.014084817403416695,-0.007898557021870305
SNX33,0.059752263972381925,0.03736366204514642,0.013534600457353337,-0.04621766351502859,-0.022388601927235505
SNX8,0.07814061708304197,0.051136667514222536,0.04676769490065215,-0.03137292218238982,-0.027003949568819435
SOD3,-0.00204979488929926,-0.017634494767517876,-0.017815788859019115,-0.015765993969719855,-0.015584699878218616
SOS2,0.011223725214173492,-0.0011407787822592975,-0.0038272688865740494,-0.01505099410074754,-0.01236450399643279
SOX4,0.041707255287780555,0.05993201115787673,0.03286833156254032,-0.008838923725240234,0.018224755870096178
SP6,0.06372337430245475,0.02849919699011224,0.004297244942032888,-0.05942612936042187,-0.035224177312342515
SPAG9,0.07747138625472447,0.052587568765664436,0.058713074744219614,-0.018758311510504853,-0.02488381748906003
SPARC,-0.04378970231238315,-0.07691715420304351,-0.05883845685244732,-0.015048754540064171,-0.03312745189066037
SPIN1,0.09273187014384107,0.0761102803801475,0.051664190023802334,-0.04106768012003874,-0.016621589763693573
SPSB1,0.05263273967920275,0.029517175525781238,0.04472276344553292,-0.007909976233669826,-0.02311556415342151
SRGN,0.12881091115080515,0.07084339716744886,0.03750155476100861,-0.09130935638979654,-0.057967513983356284
SRPX2,0.04247083316430815,0.013325791050994039,0.030311392328664196,-0.012159440835643954,-0.02914504211331411
SRR,0.08917179628917524,0.05341295513322404,0.06370763169800428,-0.025464164591170957,-0.035758841155951196
SRRT,0.16871821808914902,0.14394310043800887,0.14144176379533857,-0.027276454293810454,-0.024775117651140155
SRSF1,0.1659629589991466,0.11937601430854668,0.07439751926692614,-0.09156543973222045,-0.046586944690599916
SRSF5,0.1837399651330327,0.15203269336552327,0.08096628880321524,-0.10277367632981746,-0.031707271767509426
SSSCA1,0.042956183901264565,0.021168209095762967,0.008843426939822794,-0.03411275696144177,-0.021787974805501598
STAMBP,0.07636414562596694,0.03294412854710353,0.05282902827952858,-0.02353511734643836,-0.04342001707886341
STAT5A,0.011061086245118076,2.4254402163352128e-05,-0.01241659453668091,-0.023477680781798987,-0.011036831842954724
STK17A,0.06162280890041424,0.013927700548949425,0.032116007755609445,-0.029506801144804792,-0.047695108351464816
STK4,0.047424621008080495,0.007572552283500941,0.005256859587416056,-0.04216776142066444,-0.039852068724579554
STMN1,0.2043975247613609,0.16692576726537373,0.1579883230392359,-0.04640920172212498,-0.03747175749598716
STRN3,0.027023239858195814,0.033901330257564886,0.04219985031801252,0.015176610459816709,0.006878090399369072
STT3A,0.08773052301147702,0.04310686783028991,0.07089473022941906,-0.016835792782057962,-0.044623655181187105
SUGP1,0.06749959774053557,0.04831844565362177,0.03424974388109321,-0.03324985385944236,-0.019181152086913802
SURF1,0.01185082613613146,0.005273086189898235,0.0074549732589647,-0.004395852877166761,-0.0065777399462332254
SVIL,0.059744634335635594,0.03359225582513606,0.0369384721316512,-0.022806162203984397,-0.026152378510499535
SYDE1,0.010170663659723396,-0.02309898610759009,0.002848597933957828,-0.007322065725765567,-0.03326964976731349
SYK,0.07466630623793541,0.040284469387277116,0.05196481972669741,-0.022701486511237996,-0.03438183685065829
TACC3,0.0933493702807318,0.05209596167715991,0.05566439939377306,-0.03768497088695874,-0.04125340860357189
TANC2,0.11481828711388987,0.09476277187250369,0.09121865578278673,-0.02359963133110314,-0.020055515241386185
TARBP1,0.12908359472895964,0.08123527646570666,0.04831427872036272,-0.08076931600859691,-0.047848318263252976
TAX1BP1,0.1334762172533578,0.09451381963915778,0.10362466376041833,-0.029851553492939456,-0.038962397614200006
TAX1BP3,0.06372838963933028,0.05733656600100888,0.025505569923889224,-0.03822281971544106,-0.0063918236383214005
TBC1D10A,0.053902349477250984,0.03159589968137168,0.023669870862940603,-0.03023247861431038,-0.022306449795879306
TBC1D23,0.12268899800859599,0.09291649443572506,0.10307594790073427,-0.019613050107861726,-0.029772503572870937
TBCA,0.07725941315402951,0.04279675660388491,0.06420181630031821,-0.0130575968537113,-0.0344626565501446
TBXAS1,0.03244659198942354,-0.026292711374143855,-0.02708421580811043,-0.059530807797533974,-0.05873930336356739
TCEA2,0.08476647999116857,0.03648187896003813,0.06356172718950949,-0.02120475280165908,-0.04828460103113044
TCEA3,0.11914738115067103,0.0002378270489653573,-0.006984107286555414,-0.12613148843722644,-0.11890955410170567
TCF25,0.11104363574307942,0.07973190300569105,0.07616787520686065,-0.03487576053621877,-0.03131173273738837
TDRD3,0.0389139892149529,0.010130951500686665,0.007311148591326248,-0.03160284062362665,-0.028783037714266234
TESK1,0.09777183476943187,0.07764393711998595,0.05147789237200236,-0.04629394239742951,-0.02012789764944592
TESMIN,0.09867856777265728,0.08664615882171425,0.09290941347780204,-0.005769154294855236,-0.012032408950943027
TEX10,0.06386193859536456,0.04256140033610546,0.041051685753465045,-0.02281025284189951,-0.021300538259259094
TEX2,0.12219461250734891,0.07693550852871879,0.07599542716663449,-0.04619918534071442,-0.045259103978630116
TFF3,-0.05552394347054043,-0.00048091581538831345,-0.0011126384466735627,0.05441130502386687,0.05504302765515212
TGFBR2,0.018104157118805725,-0.017680641111702932,-0.020679497543219006,-0.03878365466202473,-0.03578479823050866
THBS1,-0.04632754178825754,-0.021387381195842593,-0.03270227154203417,0.01362527024622337,0.02494016059241495
THOC5,0.02391881713321241,0.014792846036877793,-0.0020585963636024374,-0.025977413496814844,-0.009125971096334616
THOC6,0.03802129794597405,0.01669692247257412,0.013800469409235213,-0.02422082853673884,-0.02132437547339993
TIGD5,0.04026752141553681,0.0357826531606399,0.0036763843345541283,-0.03659113708098268,-0.004484868254896905
TIMP1,-0.050328424745526575,-0.003287647891700924,-0.016591111875844125,0.03373731286968245,0.04704077685382565
TJP3,0.10705040772766342,0.08775555633713512,0.07344516881484042,-0.03360523891282299,-0.019294851390528292
TM7SF2,0.07369873999417878,0.06773405012185303,0.044454257961622175,-0.029244482032556605,-0.0059646898723257485
TMBIM6,0.1126642818814595,0.11809237045051874,-0.04112223018311316,-0.15378651206457267,0.005428088569059242
TMEM101,0.020898917484767708,0.009640035884627664,0.013178782725745231,-0.007720134759022477,-0.011258881600140044
TMEM123,0.13088964638654113,0.08549676278452686,-0.017374682783270423,-0.14826432916981155,-0.04539288360201427
TMEM14B,0.16095217221712363,0.11821010942316983,0.12597219366558737,-0.034979978551536256,-0.0427420627939538
TMEM160,0.06054911105414364,0.04970688065582668,0.04821605803751922,-0.012333053016624414,-0.010842230398316957
TMEM184A,0.06618366933191897,0.045656276954240224,0.0025787216470575915,-0.06360494768486137,-0.02052739237767874
TMEM259,0.1511559458175848,0.1311690391622474,0.12345952546691914,-0.02769642035066565,-0.019986906655337394
TMEM45B,0.09765314098923707,0.0756288577569648,0.04980415125161785,-0.04784898973761922,-0.022024283232272263
TMEM86A,0.06346752647692859,0.045432917841207184,-0.021777892630492294,-0.08524541910742088,-0.018034608635721407
TMX1,0.08833022323256662,0.028962138201669922,0.0059357902675898685,-0.08239443296497675,-0.059368085030896696
TNC,0.16243283796020305,0.11666073037368523,0.126743441359777,-0.035689396600426054,-0.04577210758651783
TNFRSF14,0.05110252593066966,0.0423533598247816,0.045168991082396526,-0.0059335348482731365,-0.008749166105888065
TNFRSF21,0.024769815866590255,0.006284415806736039,0.006381824090881493,-0.01838799177570876,-0.018485400059854218
TNFRSF4,0.005156291174865721,0.005217770604988516,-0.0014833060040248995,-0.006639597178890621,6.147943012279472e-05
TNNT1,-0.003283044788201315,0.016520755040749617,0.03176407926348391,0.035047124051685224,0.019803799828950933
TOM1L2,0.102529590437392,0.08417113973295579,0.07667116151440523,-0.025858428922986773,-0.018358450704436216
TP53I3,0.05852766030641165,0.0471177029330511,0.024851640388765764,-0.033676019917645884,-0.01140995737336055
TPM2,0.023098373379450168,-0.008489920302261936,-0.0072011479167235545,-0.03029952129617372,-0.03158829368171211
TRAC,0.07345437567813287,0.04345804503321711,0.045088695034735365,-0.028365680643397506,-0.02999633064491576
TRAF5,0.08765913067124703,0.058423407834051116,0.060819029920481896,-0.026840100750765136,-0.029235722837195915
TRAP1,0.1170972267323966,0.0955757172854881,0.03883389046302753,-0.07826333626936907,-0.021521509446908504
TRAPPC4,0.13174174602551061,0.09885241641009157,0.089734277690528,-0.04200746833498262,-0.032889329615419044
TRIM14,0.06944629168619322,0.03605889932580335,0.05280743000569284,-0.016638861680500383,-0.03338739236038987
TRIM22,0.06027019855908465,0.023140161759244274,0.04193376835038696,-0.018336430208697692,-0.03713003679984038
TRIM25,0.07475437281760142,0.06449902885246915,0.062475027591589176,-0.01227934522601224,-0.010255343965132266
TRIM47,0.08021146891789083,0.06849998346963218,0.07445000459695313,-0.005761464320937701,-0.011711485448258646
TSPAN33,0.01610565694323425,0.0038722254813631724,0.009808324341985947,-0.006297332601248304,-0.012233431461871079
TSR2,0.009659997829848973,0.0035127043190270827,-0.02845093005873789,-0.03811092788858686,-0.00614729351082189
TTC31,0.058775511194201616,0.025092285053084112,0.024114436587106935,-0.03466107460709468,-0.0336832261411175
TTI1,0.06091902180412963,0.03724947280215365,0.0477427429898821,-0.01317627881424753,-0.02366954900197598
TXN2,0.10313735339623806,0.07235482218560439,0.07846713768635108,-0.024670215709886978,-0.030782531210633665
TXNDC17,0.1774005394430648,0.1432434234750613,0.11786649036198316,-0.05953404908108165,-0.0341571159680035
TXNRD2,0.12336096035943954,0.10083583042840927,0.09353127959240083,-0.029829680767038708,-0.02252512993103027
TYMS,0.15876388996301832,0.11343675339825363,0.11973094213437854,-0.03903294782863978,-0.0453271365647647
TYROBP,0.04965497482622158,0.03093314944930411,0.022607204954655603,-0.02704776987156598,-0.01872182537691747
UBA52,0.054965973526651724,0.03177607923093119,0.018468347018892335,-0.03649762650775939,-0.023189894295720534
UBA6,0.12195205746011031,0.07330365762767475,0.09528701383394841,-0.0266650436261619,-0.04864839983243556
UBAP2L,0.15463425238906067,0.12465955110630965,0.11371491229827427,-0.040919340090786405,-0.029974701282751023
UBE2C,0.11057130591107686,0.07389781803383122,0.0632704374492612,-0.047300868461815665,-0.03667348787724564
UBE2T,0.1379999109387461,0.09009877470431002,0.06227102048214228,-0.07572889045660383,-0.04790113623443609
UBE2W,0.07042954902994261,0.034746474572586394,0.04423837790875074,-0.026191171121191875,-0.03568307445735622
UBL7,0.07268243783860356,0.05051356479875749,0.04072116775580747,-0.031961270082796096,-0.022168873039846076
UBR2,0.06591373736500714,0.06309830274266727,0.0649553858410721,-0.0009583515239350304,-0.0028154346223398657
UBXN1,0.057500194187563775,0.019074827456476925,-0.006758654368822347,-0.06425884855638613,-0.038425366731086846
UCK1,0.07661856885424197,0.056233586966583884,0.03341371965621243,-0.043204849198029534,-0.020384981887658082
UFD1L,0.1626675887777272,0.12840901349669925,0.12588990207399045,-0.03677768670373674,-0.034258575281027936
UQCRC1,0.061816033187497725,0.04668187320578467,0.013344951055907193,-0.04847108213159053,-0.015134159981713052
UXS1,0.11062946338921578,0.06658459546704008,0.0460990898463121,-0.06453037354290368,-0.0440448679221757
UXT,0.04674027539928161,0.027921053237298682,0.005827057545161,-0.04091321785412061,-0.01881922216198293
VARS,0.10904700314870823,0.09386136908040088,0.08967974338076756,-0.019367259767940667,-0.01518563406830735
VAV1,0.04406588059437508,0.012686813572806738,-0.02761164858564144,-0.07167752918001652,-0.03137906702156834
VCAM1,0.014203048837375245,0.029359173584147483,0.0048532727679899135,-0.009349776069385331,0.015156124746772238
VEGFB,0.06502737937519955,0.031355431239778866,0.016310918090491573,-0.048716461284707975,-0.03367194813542068
VIM,-0.004074614815471913,-0.012056351523417625,-0.012044165939078798,-0.007969551123606885,-0.007981736707945712
VPS13D,0.07107777025204157,0.05243994608650512,0.06254564741839304,-0.008532122833648528,-0.01863782416553645
VPS45,0.04528226299621205,0.017792590020785266,0.012725174821156966,-0.03255708817505508,-0.02748967297542678
VWF,-0.0007308480093293993,0.005205258208483211,-0.0017889198865637026,-0.0010580718772343033,0.00593610621781261
WDFY3,0.06329800256471892,0.048746895798520255,0.04710180295190468,-0.016196199612814238,-0.014551106766198661
WDR13,0.08250793637134445,0.06479590884503376,0.03532352301181529,-0.04718441335952916,-0.01771202752631068
WDR34,0.0449812378242122,0.03881446194621342,0.020449796104876596,-0.024531441719335603,-0.006166775877998777
WDR46,0.1279566430243406,0.0924223179234335,0.01665909404840524,-0.11129754897593536,-0.035534325100907094
WDR73,0.08337501934383133,0.037550541309906746,0.03995063885427217,-0.04342438048955916,-0.04582447803392459
WDR74,0.12813423794501905,0.08979464043030862,0.09358857552169031,-0.03454566242332874,-0.03833959751471043
WIPF1,0.02464026863591506,0.03813386127521466,0.023404041322557755,-0.0012362273133573048,0.013493592639299602
XAB2,0.08913340742248138,0.07012790307408151,0.04849812464266498,-0.0406352827798164,-0.01900550434839987
XIAP,-0.021768704255225577,-0.016781020948955852,-0.02694829144921789,-0.005179587193992315,0.0049876833062697246
XPO6,0.12694252726644814,0.0916907921917425,0.09050996765090316,-0.03643255961554498,-0.03525173507470564
YIPF4,0.06361205581829069,0.054668895459661,0.053588007806611514,-0.010024048011679172,-0.008943160358629687
YTHDC1,0.03908158890445733,0.009919884152418654,-0.0032965518948112095,-0.042378140799268535,-0.029161704752038674
ZDHHC12,0.07786070433738364,0.05642363066056034,0.03736133458252852,-0.040499369754855116,-0.0214370736768233
ZFAND3,0.08382909543602371,0.05214998042202345,-0.08012297958009733,-0.16395207501612102,-0.03167911501400026
ZFP36,0.032218759923046944,0.0005952460677249938,-0.043728277251285835,-0.07594703717433278,-0.03162351385532195
ZFPL1,0.08579670170855722,0.03781627584450692,0.034202419058347686,-0.05159428265020953,-0.0479804258640503
ZFR,0.09456280597632324,0.05855097186185206,7.023829398591268e-05,-0.09449256768233733,-0.03601183411447118
ZG16B,0.06572187845305184,0.052617552435760655,0.05962292995061215,-0.006098948502439694,-0.013104326017291189
ZMAT5,0.08830761535701476,0.0704148619756769,0.06843777608521528,-0.019869839271799472,-0.01789275338133786
ZMYND19,0.1285547010121097,0.10614267268506705,0.09740822854699692,-0.031146472465112776,-0.022412028327042643
ZMYND8,0.06346664003878605,0.03827393850277006,0.02394451896663459,-0.03952212107215146,-0.025192701536015986
ZNF217,0.12435465259568526,0.09985543888090184,0.019481863374507538,-0.10487278922117772,-0.02449921371478342
ZNF337,0.10310329688189639,0.08753872831500667,0.09612883588748328,-0.006974460994413109,-0.015564568566889717
ZNF33B,0.07504360035763638,0.05296327682261097,0.056929522327993975,-0.018114078029642405,-0.022080323535025412
ZNF362,0.06217577687937812,0.03374945536233621,-0.0438015242087655,-0.10597730108814363,-0.028426321517041914
ZNF524,0.03532435733887513,0.017429924954891613,0.01508080503992113,-0.020243552298954,-0.017894432383983517
ZNF592,0.04449708775453207,0.03304374897170026,0.020884358050943512,-0.02361272970358856,-0.011453338782831814
ZNF644,0.053631151050280705,0.01974286083207722,0.03129595711924929,-0.022335193931031415,-0.033888290218203485
ZNF668,0.08028578387781822,0.06605951080332087,0.07207155248999678,-0.008214231387821444,-0.01422627307449735
ZNF771,0.03869265188875597,0.022789998003606007,0.03509820048856106,-0.0035944514001949104,-0.015902653885149966
ZNF787,0.07613095490453631,0.05234159533220081,0.027721992985594197,-0.04840896191894211,-0.023789359572335494
ZNF791,-0.006839380683462999,0.0022844967000290235,0.007881253100693826,0.014720633784156825,0.009123877383492022
ZNF83,0.08156524267693674,0.015966475397026173,0.025309028948895203,-0.056256213728041536,-0.06559876727991057
ZNF91,0.01690558374760339,0.00982249998554104,-0.01088323429524947,-0.02778881804285286,-0.007083083762062351
ZNRF1,0.08896250968809663,0.07098983937453424,0.0690748821893031,-0.019887627498793525,-0.017972670313562394
ZSWIM8,0.13318627136653957,0.10758529203764292,0.09874328784791528,-0.03444298351862429,-0.025600979328896656
