arm,fold,patient,n_sections,n_spots,pcc_fold_mean,pcc_fold_median,pcc_section_mean,frac_pos,sse_ratio_median,frac_beat_baseline,sd_ratio_median,final_train_loss,sec_per_epoch
arm1,fold00_A,A,6,2065,0.026642584316360473,0.025109649161072417,0.028869012205985062,0.7466986794717887,1.1226277948080148,0.0,0.08076645136757944,0.2791493390997251,1.484
arm1,fold01_B,B,6,1712,0.12081534733096935,0.13727747530992326,0.12411935503624198,0.8103241296518607,1.0292484964683963,0.2388955582232893,0.06299434498836101,0.29108709990978243,1.502
arm1,fold02_C,C,6,1086,0.09274788925156845,0.09028925934658401,0.09339018335723472,0.8967587034813925,1.0847837989460385,0.042067307692307696,0.07963664187741751,0.3063148816426595,1.489
arm1,fold03_D,D,6,1833,0.09870733773242611,0.08806612625054651,0.10193063994829044,0.9315726290516206,1.0471826067508878,0.10469314079422383,0.08962380384704557,0.2953892876704534,1.487
arm1,fold04_E,E,3,1729,-0.0070452683489934075,-0.0068711218800061955,-0.00024888644040693014,0.4129651860744298,1.4900824635035819,0.0012004801920768306,0.20493394329295905,0.29023819213563745,1.591
arm1,fold05_F,F,3,2098,0.0005279832818315668,-0.0012789805264399727,-0.0010645529826496425,0.48259303721488594,1.0689956570236716,0.0024009603841536613,0.09235572272463603,0.2908471470529383,1.493
arm1,fold06_G,G,3,1371,0.10106667163174783,0.09687137766675767,0.10294824664164798,0.9255702280912365,1.0557374156610315,0.16806722689075632,0.0917760876306434,0.29374568254658673,1.611
arm1,fold07_H,H,3,1726,0.10254056323865225,0.10688523255780212,0.10149169003860284,0.9003601440576231,1.1459669556638579,0.11164465786314526,0.16023223000944217,0.2975507762395974,1.543
arm2,fold00_A,A,6,2065,0.01979697706487979,0.019298225857484624,0.020440156410485143,0.7274909963985594,1.1653185661125074,0.0012004801920768306,0.06832180214417065,,
arm2,fold01_B,B,6,1712,0.09134841170536662,0.09416658045343658,0.09414859047079684,0.8043217286914766,1.032411048799448,0.15126050420168066,0.049976171173344214,,
arm2,fold02_C,C,6,1086,0.050478165509200895,0.047259796115656186,0.05158037321139007,0.8151260504201681,1.1552649382905469,0.003605769230769231,0.06372343702117475,,
arm2,fold03_D,D,6,1833,0.06207330393167581,0.05248748585292203,0.06370057877946961,0.8643457382953181,1.0937510722935742,0.013237063778580024,0.0610183852958569,,
arm2,fold04_E,E,3,1729,-0.0032542649626161866,-0.0022784442289424268,0.00266968829255948,0.4489795918367347,1.3300875936791503,0.0,0.08335024179009538,,
arm2,fold05_F,F,3,2098,0.0017461380156037455,0.001700590685037055,0.0011618617307507348,0.524609843937575,1.0529399377004682,0.003601440576230492,0.05601801646395083,,
arm2,fold06_G,G,3,1371,0.06339063283749274,0.058043509202746965,0.06683920780453523,0.858343337334934,1.0388039147034978,0.10084033613445378,0.05373798434765291,,
arm2,fold07_H,H,3,1726,0.08596849753626212,0.08321682762422206,0.0839328822651677,0.8895558223289316,1.0907370988663194,0.10684273709483794,0.0777012051980304,,
arm3,fold00_A,A,6,2065,0.019945073727207083,0.017988970760323072,0.020932963713319253,0.7106842737094838,1.1222468613893304,0.0012004801920768306,0.05399700916888437,0.28536082009474434,2.077
arm3,fold01_B,B,6,1712,0.0629004651612123,0.06697429592185306,0.06489017648798712,0.7214885954381752,1.0435711655035649,0.09963985594237695,0.04343115495648649,0.2925380036234856,2.085
arm3,fold02_C,C,6,1086,0.03586072702638347,0.0331499264893437,0.036364626893616525,0.7358943577430972,1.0970556589529945,0.004807692307692308,0.0539297435439476,0.3109212537606557,2.134
arm3,fold03_D,D,6,1833,0.047781717733551665,0.04190360870904062,0.04880982494511785,0.787515006002401,1.064454487768477,0.018050541516245487,0.04956151666361742,0.3008175030350685,2.115
arm3,fold04_E,E,3,1729,-0.0035964575576509406,-0.003431249737429573,0.0019132555162476542,0.4477791116446579,1.3042328628907092,0.0012004801920768306,0.07715404644291209,0.3074415908618407,2.13
arm3,fold05_F,F,3,2098,0.0017012712430523414,0.0017120011716409342,0.0012049157887970882,0.5282112845138055,1.0512193906619918,0.008403361344537815,0.045388819733825275,0.2988285819689433,2.073
arm3,fold06_G,G,3,1371,0.04281177199278848,0.043658256003546975,0.045055361916862,0.7551020408163265,1.0760312111656682,0.05162064825930372,0.045024812845927964,0.2980859243508541,2.2
arm3,fold07_H,H,3,1726,0.06093805245411511,0.0674529999935026,0.05948666806093879,0.7839135654261705,1.1903981412632296,0.062424969987995196,0.06246576568135459,0.30128152803941205,2.074
