arm,fold,section,n_spots,pcc_mean,pcc_median,frac_pos,sse_ratio_median
arm1,fold00_A,A1,346,0.023791278217373223,0.020948397205245488,0.6302521008403361,1.0619918084699203
arm1,fold00_A,A2,325,0.0303270341757282,0.02969486692513685,0.6626650660264105,1.1201558478704647
arm1,fold00_A,A3,359,0.03739799120755104,0.03564776526744553,0.7106842737094838,1.1098926336709165
arm1,fold00_A,A4,343,0.03435772091413457,0.03553211053857691,0.6818727490996399,1.1098946309254234
arm1,fold00_A,A5,332,0.017384463369280335,0.015380187813927632,0.5918367346938775,1.1220014138465586
arm1,fold00_A,A6,360,0.02997334561012274,0.030840666140491843,0.673469387755102,1.1156059093949153
arm1,fold01_B,B1,295,0.10221081449651571,0.1155589041129953,0.7695078031212484,1.0302065733203094
arm1,fold01_B,B2,270,0.13201438117462697,0.15477281356150596,0.801920768307323,1.0237695781732101
arm1,fold01_B,B3,298,0.11771329427161717,0.12791812447169498,0.7899159663865546,1.0261856880960099
arm1,fold01_B,B4,283,0.14552230657555934,0.16469587366069702,0.7947178871548619,1.0336949649927762
arm1,fold01_B,B5,289,0.10803282795998945,0.11186274846263203,0.7887154861944778,1.019918348556323
arm1,fold01_B,B6,277,0.13938833475393939,0.15303645473110272,0.7899159663865546,1.0199477422634875
arm1,fold02_C,C1,176,0.10095624512311316,0.094723606180373,0.8259303721488596,1.0563009171676154
arm1,fold02_C,C2,187,0.09951025059604829,0.1056813440211187,0.8211284513805522,1.0579147579228336
arm1,fold02_C,C3,180,0.0862962423431531,0.08735933452847966,0.8139255702280912,1.0853837393215007
arm1,fold02_C,C4,184,0.09378221929219986,0.09026721911107025,0.8151260504201681,1.0946787865501635
arm1,fold02_C,C5,181,0.07846912174754754,0.08028551460264799,0.801920768307323,1.0918087467382693
arm1,fold02_C,C6,178,0.10286748648644582,0.09891203231566735,0.8247298919567827,1.1183142649320978
arm1,fold03_D,D1,306,0.08214972392843911,0.08217807145423398,0.8223289315726291,1.0729260536016063
arm1,fold03_D,D2,303,0.10725296472918647,0.09675070527959533,0.8463385354141657,1.0291511099197903
arm1,fold03_D,D3,301,0.09652130842781537,0.09688705663091152,0.843937575030012,1.0381773927357016
arm1,fold03_D,D4,302,0.12199129320177608,0.12090426696624083,0.8775510204081632,1.0289916011049456
arm1,fold03_D,D5,306,0.09827751161298424,0.09320021486141541,0.8607442977190877,1.0498469556286412
arm1,fold03_D,D6,315,0.10591029049356883,0.10275776792899795,0.9039615846338536,1.0379651513388313
arm1,fold04_E,E1,587,0.000499421567343491,0.0016879647327696363,0.5114045618247299,1.6848525045381524
arm1,fold04_E,E2,572,0.0009157806738872389,0.0006347764006433676,0.5054021608643458,1.4075325913327648
arm1,fold04_E,E3,570,-0.002096893753552082,-0.0002450350696083209,0.4969987995198079,1.4123404721051442
arm1,fold05_F,F1,691,-0.00314875477256686,-0.005350173448914407,0.47058823529411764,1.0822132051441986
arm1,fold05_F,F2,695,0.0049925818610208495,0.003429008131622288,0.5222088835534213,1.048643405055198
arm1,fold05_F,F3,712,-0.00508385402080439,-0.006378746041063201,0.4429771908763505,1.074952925236702
arm1,fold06_G,G1,441,0.09677917168176545,0.09227257580411236,0.8931572629051621,1.0505271899258615
arm1,fold06_G,G2,467,0.10502267219845379,0.10644958006584508,0.8847539015606243,1.0403788365463447
arm1,fold06_G,G3,463,0.10711412062867082,0.10622218985482544,0.9099639855942377,1.0644124160692772
arm1,fold07_H,H1,613,0.09903147805756228,0.10263089483383957,0.8931572629051621,1.166547634505325
arm1,fold07_H,H2,603,0.11576430911289376,0.12128874740560909,0.8835534213685474,1.1341373103595456
arm1,fold07_H,H3,510,0.08984508087579858,0.09186937141980275,0.8835534213685474,1.156391192551185
arm2,fold00_A,A1,346,0.017592843492674915,0.016428846191996724,0.5978391356542617,1.0826744523431113
arm2,fold00_A,A2,325,0.01757354765430215,0.01544185370119261,0.602641056422569,1.162483081956565
arm2,fold00_A,A3,359,0.025973912355928566,0.02673518595480975,0.6602641056422569,1.1528008964651917
arm2,fold00_A,A4,343,0.02405641402492731,0.02559962487193932,0.6350540216086434,1.15852710333575
arm2,fold00_A,A5,332,0.00947043059090686,0.007610853511293694,0.5438175270108043,1.1590217556004614
arm2,fold00_A,A6,360,0.027968632452506973,0.028454442306958955,0.6758703481392557,1.1584436056482095
arm2,fold01_B,B1,295,0.07256263509272821,0.0759177749738822,0.7611044417767107,1.036194678306274
arm2,fold01_B,B2,270,0.10428703243157618,0.11200869203603415,0.7779111644657863,1.0268802453452162
arm2,fold01_B,B3,298,0.08931218885498052,0.08418282504670599,0.7707082833133253,1.029065756705196
arm2,fold01_B,B4,283,0.11239309046338097,0.12046525618977559,0.7887154861944778,1.0323702963844126
arm2,fold01_B,B5,289,0.07941146386414061,0.08038360427559657,0.7611044417767107,1.025775589384501
arm2,fold01_B,B6,277,0.10705933838890698,0.1061816601277904,0.7839135654261705,1.024022999275458
arm2,fold02_C,C1,176,0.05937439676457801,0.057660567273087306,0.7418967587034814,1.099640371378431
arm2,fold02_C,C2,187,0.04695330141507921,0.0482428381735686,0.6998799519807923,1.115097307412559
arm2,fold02_C,C3,180,0.05354918746872605,0.052033317903367016,0.7118847539015606,1.1470091663236976
arm2,fold02_C,C4,184,0.05482703167306111,0.04801408712565954,0.7262905162064826,1.1637169305012922
arm2,fold02_C,C5,181,0.043616521220426994,0.04703370749126925,0.6938775510204082,1.14907426817667
arm2,fold02_C,C6,178,0.05201619725260686,0.051615436437390624,0.709483793517407,1.2118800114692658
arm2,fold03_D,D1,306,0.04892910918794176,0.04629501954486716,0.7358943577430972,1.1299734956591125
arm2,fold03_D,D2,303,0.06225948102858589,0.05539545302727119,0.7539015606242497,1.050695778002035
arm2,fold03_D,D3,301,0.05683431960121355,0.05177519524856134,0.7442977190876351,1.072781677586157
arm2,fold03_D,D4,302,0.07771425843738514,0.07392860641258606,0.7827130852340937,1.0733493977218254
arm2,fold03_D,D5,306,0.0622075690411306,0.05599168776900565,0.7791116446578632,1.0795345096548075
arm2,fold03_D,D6,315,0.07464090133561557,0.06849097304192032,0.8283313325330132,1.0652426026779274
arm2,fold04_E,E1,587,0.00441614055336638,0.004894328461028027,0.5342136854741897,1.4056593381428972
arm2,fold04_E,E2,572,0.004544257171020753,0.0065735373708850735,0.5570228091236494,1.259139595741403
arm2,fold04_E,E3,570,-0.0008460264648148315,-0.00287438255275775,0.48259303721488594,1.2893699846639153
arm2,fold05_F,F1,691,-0.00017732113345606267,-0.001484165186223934,0.48619447779111646,1.0531936964531865
arm2,fold05_F,F2,695,0.004391397824621466,0.002379507521337299,0.5198079231692677,1.0402848617883536
arm2,fold05_F,F3,712,-0.0006760050627677557,-0.0005163110076794284,0.49339735894357745,1.055053528387305
arm2,fold06_G,G1,441,0.06382545039085809,0.060119224867329644,0.8175270108043218,1.031546038731245
arm2,fold06_G,G2,467,0.06797862569826219,0.06254874532811529,0.8259303721488596,1.0312445855891816
arm2,fold06_G,G3,463,0.06871774841951134,0.06736982105571704,0.8379351740696278,1.0471959148456946
arm2,fold07_H,H1,613,0.08163691454755809,0.08128807329515711,0.8619447779111644,1.1004908300949081
arm2,fold07_H,H2,603,0.09684714626256961,0.09567388928515827,0.8787515006002401,1.0772937495372525
arm2,fold07_H,H3,510,0.07349447263988336,0.070075026588456,0.8547418967587035,1.0967969963755688
arm3,fold00_A,A1,346,0.016864892462516042,0.015560433648271435,0.6146458583433373,1.0615259406905526
arm3,fold00_A,A2,325,0.021689478112304813,0.019581134681762685,0.60984393757503,1.121035930773819
arm3,fold00_A,A3,359,0.024765154172436805,0.025410611049494103,0.6470588235294118,1.1090659843133694
arm3,fold00_A,A4,343,0.02261723591958619,0.023396899860229442,0.6302521008403361,1.1126079570878744
arm3,fold00_A,A5,332,0.013619148170530485,0.010587446573177658,0.575030012004802,1.1176472997692193
arm3,fold00_A,A6,360,0.026005128818693633,0.02595741721673983,0.6638655462184874,1.105782549417595
arm3,fold01_B,B1,295,0.05057348826081609,0.051767949919223934,0.6842737094837935,1.0437100188875643
arm3,fold01_B,B2,270,0.06979617511722813,0.07144293615810118,0.6830732292917167,1.039705503366779
arm3,fold01_B,B3,298,0.06330414293077655,0.058669630182220836,0.7046818727490997,1.0388184403918477
arm3,fold01_B,B4,283,0.0763068270902058,0.08252876207524021,0.6986794717887155,1.0537399078368703
arm3,fold01_B,B5,289,0.05491307405819753,0.05357581740744319,0.6914765906362546,1.030211745208123
arm3,fold01_B,B6,277,0.07454211920423014,0.07615468208757539,0.7118847539015606,1.0327811766174468
arm3,fold02_C,C1,176,0.04139650191733031,0.03646694248297011,0.6818727490996399,1.0612396036845086
arm3,fold02_C,C2,187,0.031167808224629435,0.03388998062483638,0.631452581032413,1.0664544806392537
arm3,fold02_C,C3,180,0.038751433664065575,0.037031159678201586,0.6506602641056423,1.0889209081481708
arm3,fold02_C,C4,184,0.04039155905312944,0.03744175289956779,0.6770708283313326,1.1012207203418447
arm3,fold02_C,C5,181,0.033168953036288126,0.03400882696140529,0.6554621848739496,1.091106018335674
arm3,fold02_C,C6,178,0.03390499742539183,0.03778905261557518,0.6518607442977191,1.126634429166308
arm3,fold03_D,D1,306,0.038480470037291284,0.03837242164789474,0.673469387755102,1.0874367272877854
arm3,fold03_D,D2,303,0.04759652089318342,0.04098630816238258,0.7034813925570228,1.0380572728514976
arm3,fold03_D,D3,301,0.04019570465373925,0.03687528609552743,0.6794717887154862,1.046460975960149
arm3,fold03_D,D4,302,0.05907893093851048,0.056608117218284904,0.7298919567827131,1.0424823586598229
arm3,fold03_D,D5,306,0.04716810425232545,0.04427025031908981,0.7202881152460985,1.0547350968045555
arm3,fold03_D,D6,315,0.06063251943482398,0.058540015883931804,0.7611044417767107,1.0446416975787791
arm3,fold04_E,E1,587,0.005637494304186561,0.007065335159258047,0.5642256902761105,1.398392737747828
arm3,fold04_E,E2,572,0.0037286935002110197,0.004239688151673774,0.5438175270108043,1.2658667490948508
arm3,fold04_E,E3,570,-0.0036022996613722137,-0.0035609152243307233,0.46338535414165666,1.2704388700639655
arm3,fold05_F,F1,691,0.0009450701866833986,0.000938236546057805,0.5102040816326531,1.0565247177122856
arm3,fold05_F,F2,695,0.0019266885336846017,0.0009554521568034857,0.5090036014405762,1.0347683334448832
arm3,fold05_F,F3,712,0.0007750696778779492,0.001547823424596653,0.5150060024009604,1.0566828653001539
arm3,fold06_G,G1,441,0.04297451813302381,0.04486496825781949,0.7274909963985594,1.0703425381042657
arm3,fold06_G,G2,467,0.04627104668913316,0.04269547942087553,0.7166866746698679,1.0566863436312206
arm3,fold06_G,G3,463,0.04591811691626101,0.04427733288725677,0.7286914765906363,1.0899170198554669
arm3,fold07_H,H1,613,0.05688689809180735,0.058892226374610224,0.758703481392557,1.207755076392572
arm3,fold07_H,H2,603,0.06835864965255696,0.07357574044399115,0.7755102040816326,1.1746857140851137
arm3,fold07_H,H3,510,0.053281468312925497,0.05235179207912847,0.7490996398559424,1.2001019140290963
