gene,arm1_colour_colour,arm2_colour_gray,arm3_gray_gray,delta_arm3_arm1,delta_arm2_arm1
A2M,0.481300,0.427084,0.470905,-0.010395,-0.054216
AAMDC,0.182784,0.135765,0.154307,-0.028477,-0.047019
ABCA3,0.339691,0.302655,0.330839,-0.008851,-0.037036
ABCA7,0.259142,0.231099,0.249532,-0.009609,-0.028043
ABCF3,0.432578,0.383437,0.433148,0.000571,-0.049141
ABHD14A,0.223762,0.192378,0.219777,-0.003984,-0.031384
ABHD4,0.207035,0.200073,0.206269,-0.000766,-0.006962
ACAA1,0.361108,0.356973,0.370820,0.009712,-0.004135
ACER3,0.075443,0.109122,0.138498,0.063055,0.033679
ACTR3B,0.174772,0.138709,0.141002,-0.033770,-0.036063
ADAM15,0.331306,0.302528,0.334371,0.003066,-0.028777
ADCY3,0.288412,0.238587,0.278977,-0.009434,-0.049825
ADI1,0.469687,0.425897,0.469190,-0.000497,-0.043790
AEBP1,0.278391,0.238545,0.267780,-0.010611,-0.039846
AES,0.347576,0.304527,0.329148,-0.018428,-0.043050
AGAP2,0.160233,0.096017,0.167491,0.007258,-0.064216
AGO2,0.320337,0.295627,0.319044,-0.001293,-0.024710
AGPAT2,0.376355,0.306640,0.371789,-0.004566,-0.069715
AGR2,0.472948,0.431602,0.466490,-0.006458,-0.041346
AHCY,0.529457,0.460925,0.533752,0.004295,-0.068532
AKAP9,0.293834,0.264621,0.275120,-0.018714,-0.029213
AKR1A1,0.501540,0.431109,0.491556,-0.009984,-0.070431
AKT1S1,0.394099,0.349153,0.398348,0.004249,-0.044946
ALDH16A1,0.426394,0.382898,0.432437,0.006043,-0.043496
ALG3,0.441728,0.396766,0.434689,-0.007039,-0.044961
ANGPTL4,0.036378,-0.023300,0.030160,-0.006218,-0.059678
ANKLE2,0.445652,0.397774,0.444791,-0.000861,-0.047877
ANKRD12,0.328199,0.302634,0.324609,-0.003591,-0.025565
ANKRD28,0.331072,0.293904,0.334380,0.003307,-0.037168
ANLN,0.398675,0.359809,0.402378,0.003703,-0.038865
ANO10,0.203421,0.174242,0.174470,-0.028951,-0.029179
AP5B1,0.130000,0.116970,0.161049,0.031049,-0.013030
AP5Z1,0.368201,0.322460,0.383561,0.015360,-0.045741
APBA2,0.215610,0.182504,0.228758,0.013148,-0.033106
APBB2,0.355634,0.309750,0.357871,0.002236,-0.045885
APOBEC3G,0.412914,0.359807,0.421764,0.008850,-0.053107
APOC1,0.290939,0.265674,0.274187,-0.016751,-0.025265
AQP1,0.193914,0.147391,0.200174,0.006260,-0.046523
ARF5,0.182334,0.183489,0.179120,-0.003214,0.001156
ARF6,0.544918,0.485967,0.549674,0.004756,-0.058952
ARFGEF2,0.401858,0.367401,0.419819,0.017961,-0.034458
ARHGAP10,0.189861,0.148067,0.179104,-0.010757,-0.041794
ARHGAP4,0.352346,0.313396,0.354658,0.002313,-0.038949
ARHGAP45,0.443734,0.371520,0.447817,0.004083,-0.072214
ARHGAP5,0.353017,0.313777,0.348688,-0.004329,-0.039240
ARHGEF10L,0.267043,0.249674,0.240658,-0.026385,-0.017370
ARHGEF3,0.421319,0.392940,0.427810,0.006491,-0.028379
ARHGEF40,0.199940,0.210855,0.184881,-0.015059,0.010915
ARID1B,0.255068,0.226086,0.273683,0.018615,-0.028982
ARID3A,0.231858,0.196428,0.226487,-0.005371,-0.035430
ARID4A,0.235887,0.204052,0.234358,-0.001530,-0.031836
ARID5A,0.382226,0.334866,0.378414,-0.003812,-0.047360
ARID5B,0.206817,0.169567,0.197475,-0.009342,-0.037250
ARNT,0.377651,0.333534,0.370398,-0.007253,-0.044118
ASCL2,0.272272,0.226229,0.263751,-0.008521,-0.046044
ASH2L,0.460869,0.399001,0.450275,-0.010594,-0.061868
ASL,0.305672,0.285912,0.306654,0.000982,-0.019760
ASMTL,0.254456,0.190306,0.251316,-0.003141,-0.064151
ASNA1,0.476095,0.427776,0.479419,0.003324,-0.048320
ASNS,0.245599,0.243235,0.242228,-0.003371,-0.002364
ATAD1,0.297894,0.261236,0.299769,0.001875,-0.036659
ATF6B,0.205777,0.195628,0.202431,-0.003347,-0.010149
ATG12,0.433768,0.390594,0.428984,-0.004784,-0.043174
ATG16L2,0.269234,0.243901,0.290713,0.021479,-0.025333
ATL2,0.273377,0.231474,0.258176,-0.015201,-0.041903
ATP5H,0.511349,0.457433,0.494511,-0.016838,-0.053916
ATP5O,0.575655,0.511206,0.571268,-0.004387,-0.064449
ATP6AP1,0.483378,0.452121,0.474366,-0.009012,-0.031257
ATP6V0D1,0.413056,0.362288,0.401722,-0.011334,-0.050767
AURKAIP1,0.448922,0.410057,0.438692,-0.010230,-0.038865
AVEN,0.157940,0.134498,0.160860,0.002920,-0.023442
BABAM1,0.523280,0.468710,0.519243,-0.004037,-0.054570
BAD,0.456545,0.427318,0.466577,0.010032,-0.029227
BAG1,0.491269,0.446279,0.490322,-0.000947,-0.044990
BAIAP3,0.179273,0.132046,0.189847,0.010575,-0.047226
BCAM,0.419566,0.404299,0.427705,0.008139,-0.015267
BCL2,0.438911,0.391175,0.416078,-0.022833,-0.047737
BCL2L12,0.371965,0.333522,0.356575,-0.015390,-0.038443
BGN,0.382489,0.344328,0.371925,-0.010564,-0.038161
BICDL1,0.492924,0.465037,0.492350,-0.000574,-0.027887
BIN3,0.328067,0.293063,0.325474,-0.002593,-0.035004
BIRC2,0.424789,0.379258,0.440771,0.015982,-0.045531
BIRC5,0.395271,0.363676,0.407192,0.011921,-0.031595
BLVRA,0.598943,0.535992,0.591989,-0.006955,-0.062951
BOK,0.363062,0.328689,0.354277,-0.008785,-0.034373
BOLA3,0.442007,0.404774,0.441340,-0.000668,-0.037234
BRD9,0.497025,0.456534,0.490091,-0.006934,-0.040490
BRF1,0.392648,0.353933,0.398453,0.005805,-0.038715
BRF2,0.387759,0.370431,0.386850,-0.000909,-0.017329
BRK1,0.380060,0.345127,0.376715,-0.003346,-0.034933
BRPF1,0.280216,0.248283,0.301602,0.021386,-0.031933
BSG,0.417969,0.394524,0.406987,-0.010982,-0.023445
BST2,0.286492,0.237458,0.296856,0.010364,-0.049035
BTG1,0.517364,0.443410,0.508144,-0.009220,-0.073954
C10orf10,0.266584,0.212058,0.266696,0.000113,-0.054525
C10orf54,0.335312,0.285938,0.347984,0.012671,-0.049374
C12orf45,0.409347,0.354997,0.404889,-0.004458,-0.054351
C15orf61,0.178669,0.144504,0.178812,0.000144,-0.034164
C19orf24,0.345109,0.273735,0.346654,0.001545,-0.071374
C19orf52,0.447930,0.419301,0.455492,0.007562,-0.028629
C19orf60,0.349981,0.294007,0.345390,-0.004590,-0.055973
C1QB,0.442778,0.394362,0.450062,0.007284,-0.048416
C1R,0.371521,0.340727,0.356844,-0.014677,-0.030794
C1S,0.482567,0.452253,0.495761,0.013194,-0.030313
C1orf216,0.169162,0.172003,0.192634,0.023472,0.002841
C2,0.474123,0.412845,0.465324,-0.008799,-0.061278
C2CD2L,0.307276,0.271034,0.309570,0.002294,-0.036242
C3,0.276574,0.194303,0.280824,0.004250,-0.082271
C4orf48,0.260190,0.265780,0.288460,0.028270,0.005590
C5orf38,0.278889,0.250623,0.283027,0.004139,-0.028266
C6orf136,0.335577,0.285202,0.335046,-0.000531,-0.050375
C6orf48,0.548201,0.510946,0.557919,0.009718,-0.037256
CADM4,0.438113,0.370620,0.442703,0.004590,-0.067493
CALML5,0.089155,0.034820,0.045329,-0.043826,-0.054335
CAMTA2,0.376440,0.340372,0.374222,-0.002218,-0.036068
CAPG,0.440037,0.382019,0.429882,-0.010155,-0.058018
CARS2,0.425475,0.393800,0.423058,-0.002416,-0.031674
CBLC,0.026970,0.029660,0.026248,-0.000723,0.002689
CCDC106,0.408601,0.370321,0.412271,0.003670,-0.038280
CCDC167,0.377810,0.353460,0.370297,-0.007514,-0.024350
CCDC57,0.266085,0.222871,0.250706,-0.015379,-0.043214
CCDC80,0.140405,0.087272,0.136835,-0.003570,-0.053133
CCDC88B,0.267255,0.198562,0.278689,0.011434,-0.068693
CCL19,0.224288,0.194461,0.239407,0.015120,-0.029827
CCL2,0.529917,0.468612,0.512481,-0.017436,-0.061305
CCL21,0.120927,0.118706,0.093624,-0.027303,-0.002221
CCM2,0.462643,0.436413,0.462262,-0.000381,-0.026230
CCNB1,0.481133,0.439163,0.481025,-0.000108,-0.041970
CCNB1IP1,0.297636,0.285913,0.291468,-0.006168,-0.011723
CCNE1,0.271776,0.250259,0.293206,0.021430,-0.021517
CCNE2,0.440972,0.412815,0.425444,-0.015528,-0.028158
CCS,0.417566,0.380327,0.417945,0.000380,-0.037239
CCT4,0.638840,0.573311,0.638019,-0.000821,-0.065529
CD14,0.443949,0.404157,0.445253,0.001303,-0.039793
CD320,0.316258,0.277650,0.328064,0.011806,-0.038608
CD3D,0.404855,0.367483,0.405637,0.000781,-0.037372
CD4,0.350998,0.320640,0.346979,-0.004019,-0.030358
CD52,0.415102,0.394772,0.426918,0.011817,-0.020329
CD68,0.465711,0.423331,0.464820,-0.000891,-0.042380
CD74,0.299220,0.227238,0.300983,0.001764,-0.071981
CD79A,0.335223,0.250851,0.355617,0.020394,-0.084371
CDC20,0.512179,0.457904,0.511141,-0.001038,-0.054275
CDC6,0.363241,0.323055,0.368136,0.004896,-0.040186
CDH11,0.124352,0.124032,0.132895,0.008543,-0.000320
CDH3,0.206420,0.173228,0.204393,-0.002027,-0.033192
CDK5RAP1,0.323963,0.301913,0.301949,-0.022015,-0.022051
CENPF,0.437514,0.389399,0.425457,-0.012057,-0.048115
CEP250,0.270423,0.252964,0.252478,-0.017945,-0.017459
CEP55,0.373769,0.345387,0.377936,0.004166,-0.028382
CERCAM,0.245836,0.220322,0.234909,-0.010927,-0.025514
CERS5,0.306460,0.275637,0.312155,0.005695,-0.030823
CES2,0.280369,0.224017,0.269520,-0.010849,-0.056352
CFAP36,0.306974,0.253177,0.308579,0.001605,-0.053797
CFDP1,0.470168,0.425952,0.455697,-0.014470,-0.044216
CGGBP1,0.462108,0.403100,0.459095,-0.003013,-0.059008
CHCHD6,0.255153,0.254569,0.257834,0.002681,-0.000585
CHD1,0.399538,0.357924,0.387942,-0.011596,-0.041614
CHD6,0.382584,0.338031,0.365073,-0.017511,-0.044554
CHFR,0.406804,0.362497,0.422688,0.015884,-0.044307
CHST11,0.358815,0.313180,0.352105,-0.006709,-0.045634
CIR1,0.246693,0.210987,0.248946,0.002252,-0.035706
CLASRP,0.407670,0.341435,0.401739,-0.005931,-0.066235
CLDN3,0.415804,0.379179,0.410754,-0.005050,-0.036625
CLDN4,0.556665,0.485425,0.546316,-0.010349,-0.071240
CLU,0.292224,0.211758,0.282879,-0.009345,-0.080466
CNN2,0.461618,0.396818,0.449023,-0.012595,-0.064800
COL14A1,0.038944,0.036150,0.015822,-0.023122,-0.002795
COL3A1,0.482310,0.440351,0.483825,0.001515,-0.041959
COL4A1,0.527982,0.474207,0.538342,0.010359,-0.053776
COL6A2,0.380987,0.333220,0.377654,-0.003333,-0.047767
COL8A2,0.214004,0.170354,0.196032,-0.017972,-0.043650
COMMD1,0.418680,0.402635,0.397212,-0.021468,-0.016045
COMP,0.338001,0.279950,0.324757,-0.013243,-0.058051
COPS7A,0.524956,0.483698,0.511463,-0.013493,-0.041258
COQ4,0.439071,0.405034,0.428473,-0.010599,-0.034037
CORO1A,0.322832,0.288503,0.319985,-0.002847,-0.034329
CORO1B,0.415536,0.396830,0.413209,-0.002326,-0.018706
CORO2A,0.259564,0.226559,0.244199,-0.015364,-0.033005
CORO7,0.442233,0.413298,0.436782,-0.005451,-0.028935
COX5A,0.545556,0.481200,0.545687,0.000130,-0.064356
CPNE1,0.528681,0.478819,0.518658,-0.010023,-0.049862
CPSF1,0.350556,0.309882,0.324411,-0.026144,-0.040674
CPVL,0.466480,0.426147,0.473126,0.006646,-0.040333
CRABP2,0.524749,0.458973,0.507589,-0.017160,-0.065776
CRACR2B,0.508491,0.444949,0.500282,-0.008209,-0.063541
CRELD2,0.517934,0.453843,0.520313,0.002380,-0.064091
CROCC,0.243205,0.232903,0.247422,0.004217,-0.010301
CSF1,0.409665,0.358516,0.409267,-0.000398,-0.051149
CSF1R,0.415823,0.371772,0.436771,0.020948,-0.044051
CTDSPL,0.363268,0.340208,0.366425,0.003157,-0.023060
CTIF,0.442070,0.399864,0.435727,-0.006344,-0.042207
CTSK,0.362718,0.317284,0.380401,0.017682,-0.045435
CTU2,0.214355,0.192521,0.219854,0.005499,-0.021834
CUTC,0.343864,0.320144,0.331519,-0.012345,-0.023720
CUX1,0.475600,0.438793,0.484356,0.008756,-0.036808
CX3CL1,0.324034,0.223859,0.302222,-0.021812,-0.100176
CXCL10,0.580418,0.511455,0.579913,-0.000504,-0.068962
CXXC5,0.388754,0.368671,0.385364,-0.003390,-0.020083
CYP27A1,0.217583,0.180887,0.224892,0.007309,-0.036696
DAPK3,0.396935,0.356929,0.399633,0.002698,-0.040006
DCAF6,0.476931,0.438750,0.482615,0.005684,-0.038181
DCXR,0.421989,0.371954,0.413685,-0.008304,-0.050035
DDAH1,0.414669,0.380598,0.411561,-0.003108,-0.034071
DDB2,0.296054,0.283352,0.296863,0.000809,-0.012702
DDIT3,0.319852,0.296625,0.315170,-0.004681,-0.023226
DDRGK1,0.385533,0.353848,0.358146,-0.027388,-0.031686
DDT,0.447271,0.414006,0.436023,-0.011248,-0.033265
DEAF1,0.286565,0.261594,0.285108,-0.001457,-0.024971
DENND1A,0.235440,0.220752,0.218417,-0.017023,-0.014688
DERL3,0.224136,0.208541,0.211510,-0.012626,-0.015594
DESI1,0.455424,0.421802,0.459570,0.004146,-0.033622
DHX16,0.363609,0.319531,0.361238,-0.002371,-0.044078
DLG1,0.264574,0.246301,0.254729,-0.009845,-0.018273
DMAP1,0.304877,0.294033,0.320762,0.015886,-0.010843
DNAJB2,0.381655,0.369955,0.381373,-0.000282,-0.011700
DNAJC1,0.524520,0.483007,0.511546,-0.012975,-0.041513
DNAJC7,0.375216,0.306366,0.363960,-0.011256,-0.068850
DOCK6,0.415297,0.372747,0.402804,-0.012493,-0.042550
DPH3,0.313959,0.261125,0.313865,-0.000094,-0.052835
DPM2,0.413331,0.397729,0.415254,0.001923,-0.015601
DPP7,0.379799,0.350173,0.371941,-0.007859,-0.029627
DPP9,0.374505,0.348375,0.373650,-0.000855,-0.026129
DPYSL3,0.348827,0.308949,0.347245,-0.001583,-0.039878
DVL1,0.412417,0.364854,0.410896,-0.001521,-0.047564
EBAG9,0.296468,0.272962,0.274291,-0.022178,-0.023506
ECHDC2,0.180808,0.090722,0.117838,-0.062970,-0.090086
ECM1,0.331906,0.315630,0.326606,-0.005299,-0.016276
EFEMP2,0.240094,0.216846,0.244091,0.003996,-0.023249
EFHD2,0.382024,0.340209,0.394096,0.012072,-0.041815
EGFR,0.054653,-0.008844,0.063701,0.009048,-0.063497
EIF1AD,0.270348,0.249423,0.258548,-0.011800,-0.020925
EIF3B,0.434887,0.395665,0.417552,-0.017335,-0.039222
EIF3F,0.374007,0.327430,0.361841,-0.012166,-0.046577
EIF3G,0.352514,0.319933,0.345891,-0.006623,-0.032581
ELN,0.097125,0.053375,0.065068,-0.032056,-0.043749
ELOF1,0.386999,0.357995,0.378970,-0.008029,-0.029005
EMC3,0.385245,0.358855,0.395321,0.010076,-0.026390
ENPP1,0.521168,0.484466,0.520357,-0.000811,-0.036702
EPHB3,0.353443,0.309564,0.362413,0.008970,-0.043879
ERAL1,0.340912,0.320306,0.348394,0.007482,-0.020607
ERBB2,0.350275,0.312637,0.347408,-0.002867,-0.037638
ERI3,0.422198,0.381942,0.424639,0.002441,-0.040256
ERMP1,0.469963,0.431296,0.478298,0.008335,-0.038667
ESR1,0.596897,0.544798,0.598356,0.001460,-0.052098
ETFB,0.376033,0.344995,0.358128,-0.017905,-0.031039
EVA1B,0.317075,0.276968,0.322063,0.004989,-0.040107
EXD3,0.200100,0.154653,0.193389,-0.006712,-0.045447
EXO1,0.303701,0.253692,0.280978,-0.022723,-0.050009
EXOC5,0.491922,0.433868,0.506412,0.014490,-0.058053
EXOSC1,0.397801,0.379216,0.392932,-0.004869,-0.018584
EXOSC10,0.421818,0.401621,0.415086,-0.006733,-0.020197
EXOSC2,0.349983,0.313028,0.358831,0.008847,-0.036956
EZH2,0.546890,0.484503,0.538054,-0.008836,-0.062387
FAAH,0.429256,0.370261,0.417670,-0.011587,-0.058996
FADS2,0.444088,0.409418,0.438017,-0.006071,-0.034670
FAH,0.392157,0.373351,0.378709,-0.013447,-0.018806
FAIM2,0.308168,0.267505,0.304256,-0.003912,-0.040662
FAM102A,0.576242,0.529471,0.570253,-0.005989,-0.046771
FAM117A,0.543309,0.487492,0.537196,-0.006114,-0.055818
FAM118A,0.306442,0.265877,0.301323,-0.005120,-0.040566
FAM160B1,0.295177,0.264390,0.288664,-0.006513,-0.030787
FAM173A,0.462076,0.424012,0.455686,-0.006390,-0.038065
FAM193B,0.510739,0.442952,0.496576,-0.014163,-0.067788
FAM213B,0.423034,0.370430,0.435720,0.012687,-0.052603
FAM3A,0.351172,0.313566,0.352564,0.001392,-0.037606
FAM45A,0.323885,0.297128,0.312130,-0.011755,-0.026757
FAP,0.264353,0.223767,0.257958,-0.006395,-0.040586
FARP1,0.526839,0.463924,0.514824,-0.012015,-0.062915
FARSB,0.458469,0.408085,0.454717,-0.003752,-0.050384
FASN,0.490056,0.457948,0.491244,0.001188,-0.032108
FBF1,0.279647,0.264232,0.277609,-0.002037,-0.015415
FBLN2,0.341344,0.302663,0.349157,0.007813,-0.038681
FCER1G,0.473796,0.429291,0.488261,0.014465,-0.044505
FDPS,0.438490,0.414394,0.442185,0.003694,-0.024096
FGFR1,0.258083,0.247434,0.244416,-0.013667,-0.010649
FGFR4,0.356018,0.318174,0.360064,0.004047,-0.037843
FKBP10,0.224390,0.184532,0.221993,-0.002397,-0.039858
FKBP8,0.434458,0.398363,0.424587,-0.009871,-0.036095
FLNA,0.305540,0.254344,0.301640,-0.003900,-0.051196
FN1,0.622395,0.552783,0.619020,-0.003375,-0.069612
FNBP4,0.366553,0.331461,0.360797,-0.005756,-0.035092
FOXA1,0.612943,0.556049,0.608344,-0.004599,-0.056894
FOXC1,0.066949,0.005612,0.083310,0.016362,-0.061337
FOXP4,0.436060,0.400985,0.433093,-0.002967,-0.035075
FSTL1,0.373915,0.318027,0.371223,-0.002692,-0.055888
FSTL3,0.339593,0.309626,0.339482,-0.000111,-0.029967
FUOM,0.284291,0.248335,0.279395,-0.004897,-0.035956
FUS,0.465135,0.422120,0.466062,0.000927,-0.043014
FZD2,0.238552,0.180180,0.224981,-0.013571,-0.058372
GALK1,0.207444,0.142723,0.165320,-0.042124,-0.064720
GANAB,0.451509,0.402033,0.452028,0.000519,-0.049476
GAR1,0.459674,0.412768,0.444372,-0.015302,-0.046907
GAS6,0.372765,0.313904,0.354049,-0.018715,-0.058861
GATA3,0.435934,0.401456,0.437630,0.001696,-0.034478
GATC,0.515880,0.454035,0.514180,-0.001700,-0.061844
GBP1,0.516270,0.453071,0.526803,0.010533,-0.063199
GBP2,0.456564,0.404194,0.456672,0.000109,-0.052370
GBP3,0.570301,0.510508,0.555573,-0.014728,-0.059793
GBP4,0.466134,0.421015,0.468533,0.002399,-0.045118
GBP5,0.495142,0.429884,0.494571,-0.000572,-0.065258
GEMIN4,0.283548,0.247454,0.265394,-0.018154,-0.036094
GLCCI1,0.378634,0.343939,0.373577,-0.005056,-0.034695
GLG1,0.318796,0.253611,0.302388,-0.016408,-0.065185
GLTSCR2,0.307631,0.226455,0.291908,-0.015723,-0.081176
GMFG,0.351459,0.315830,0.364533,0.013074,-0.035629
GMPPA,0.446548,0.400179,0.441763,-0.004785,-0.046369
GNAI2,0.311493,0.282867,0.308615,-0.002878,-0.028627
GNAS,0.527418,0.470756,0.515096,-0.012322,-0.056662
GNL2,0.494298,0.452934,0.492358,-0.001940,-0.041364
GPR108,0.327436,0.308330,0.334916,0.007480,-0.019105
GPR160,0.512569,0.454666,0.514838,0.002269,-0.057902
GPRC5A,0.587640,0.535287,0.585227,-0.002412,-0.052352
GPS1,0.337056,0.308834,0.338259,0.001203,-0.028222
GPSM1,0.282707,0.264306,0.289921,0.007213,-0.018401
GPX3,0.155712,0.149492,0.146981,-0.008732,-0.006220
GRB7,0.520728,0.464414,0.511139,-0.009589,-0.056314
GRK3,0.397923,0.368737,0.388048,-0.009875,-0.029186
GSK3A,0.439354,0.363775,0.421805,-0.017549,-0.075578
GSTM3,0.437306,0.402709,0.432573,-0.004733,-0.034597
GYPC,0.290091,0.242158,0.307779,0.017688,-0.047933
HAGHL,0.525299,0.468482,0.523581,-0.001718,-0.056817
HCFC1R1,0.453402,0.418969,0.445741,-0.007661,-0.034433
HCST,0.372255,0.339260,0.381615,0.009359,-0.032995
HDAC5,0.285008,0.231030,0.286523,0.001515,-0.053979
HDAC6,0.263071,0.248665,0.236373,-0.026698,-0.014406
HELZ2,0.427783,0.379336,0.423315,-0.004468,-0.048447
HES1,0.178756,0.181078,0.192914,0.014159,0.002322
HLA-B,0.378280,0.337523,0.410026,0.031745,-0.040757
HLA-DMA,0.382672,0.318491,0.382277,-0.000395,-0.064181
HLA-DMB,0.501517,0.445971,0.500543,-0.000974,-0.055545
HLA-DOA,0.399414,0.353349,0.407088,0.007674,-0.046065
HLA-DPA1,0.471547,0.435000,0.477803,0.006256,-0.036547
HLA-DPB1,0.530117,0.469221,0.543316,0.013199,-0.060896
HLA-DRA,0.531069,0.439738,0.524296,-0.006773,-0.091331
HLA-DRB1,0.502668,0.436279,0.507271,0.004604,-0.066389
HMGB2,0.606766,0.551268,0.589532,-0.017234,-0.055498
HNRNPUL2,0.513534,0.451084,0.502624,-0.010910,-0.062449
HOOK3,0.132395,0.120141,0.126226,-0.006169,-0.012254
HPS6,0.186889,0.154358,0.182973,-0.003916,-0.032531
HSD17B1,0.021093,0.044561,0.034131,0.013037,0.023467
HSPA4,0.494243,0.429772,0.479421,-0.014822,-0.064471
HSPB1,0.384194,0.340576,0.383217,-0.000978,-0.043618
HSPB11,0.470029,0.434355,0.474817,0.004787,-0.035674
HYI,0.282023,0.267695,0.276794,-0.005229,-0.014328
IDH3G,0.364693,0.334127,0.369800,0.005107,-0.030565
IDUA,0.208607,0.191682,0.178892,-0.029715,-0.016925
IER5L,0.344072,0.307137,0.333725,-0.010347,-0.036935
IFI27,0.460544,0.413141,0.450373,-0.010171,-0.047403
IFI27L1,0.230433,0.203416,0.231681,0.001249,-0.027016
IFI44L,0.229080,0.247917,0.243317,0.014238,0.018837
IGFBP2,0.384947,0.319157,0.371882,-0.013065,-0.065791
IGFBP4,0.389252,0.332016,0.370507,-0.018745,-0.057236
IGHA1,0.255412,0.197973,0.259168,0.003757,-0.057438
IGHG3,0.201811,0.183353,0.216410,0.014599,-0.018458
IGHG4,0.090046,0.064348,0.144805,0.054760,-0.025698
IGHM,0.286531,0.224991,0.288952,0.002421,-0.061540
IGKC,0.105367,0.071911,0.074377,-0.030990,-0.033456
IGLC2,0.177131,0.070892,0.184809,0.007679,-0.106239
IGLC3,0.216934,0.208249,0.259066,0.042132,-0.008685
IGLC7,0.033619,0.007420,0.035943,0.002324,-0.026199
IKZF3,0.301830,0.270351,0.300899,-0.000931,-0.031480
IL10RA,0.452777,0.433289,0.468722,0.015945,-0.019489
ILKAP,0.259527,0.251638,0.251151,-0.008375,-0.007888
INAFM1,0.255394,0.220433,0.245980,-0.009413,-0.034961
INPP4B,0.390011,0.355439,0.387797,-0.002214,-0.034572
INPP5D,0.350732,0.305541,0.357988,0.007255,-0.045191
INPP5J,0.363326,0.345577,0.350938,-0.012388,-0.017749
INTS8,0.458117,0.417471,0.452807,-0.005310,-0.040646
ISG15,0.188882,0.207684,0.220280,0.031397,0.018802
ISLR,0.194393,0.115725,0.215471,0.021078,-0.078668
ITGA5,0.264792,0.233213,0.262493,-0.002299,-0.031579
ITGB4,0.160478,0.136469,0.182708,0.022230,-0.024009
ITGB6,0.235352,0.159906,0.225382,-0.009970,-0.075446
ITSN1,0.355213,0.321306,0.342945,-0.012268,-0.033907
JAG2,0.274117,0.232714,0.266813,-0.007304,-0.041403
JAK1,0.394392,0.362877,0.378375,-0.016017,-0.031514
JAK3,0.366795,0.323206,0.365588,-0.001207,-0.043589
JCHAIN,0.304728,0.176378,0.283132,-0.021596,-0.128350
JMJD6,0.367856,0.316065,0.363310,-0.004547,-0.051792
KAT6B,0.442239,0.406892,0.447557,0.005318,-0.035348
KATNA1,0.333118,0.316354,0.336949,0.003831,-0.016764
KCNAB2,0.331869,0.304102,0.348500,0.016631,-0.027766
KCTD10,0.428550,0.379607,0.418705,-0.009845,-0.048943
KDM4B,0.534930,0.489418,0.537280,0.002351,-0.045512
KIAA0895L,0.366105,0.324908,0.358098,-0.008007,-0.041197
KIAA1211L,0.216543,0.171618,0.220163,0.003620,-0.044925
KIAA1217,0.248973,0.223147,0.249246,0.000274,-0.025826
KIAA1468,0.382539,0.348989,0.388140,0.005601,-0.033550
KIAA1715,0.355631,0.305134,0.343103,-0.012528,-0.050497
KIF13B,0.200905,0.171436,0.220893,0.019987,-0.029469
KIF2C,0.379800,0.339915,0.380681,0.000881,-0.039885
KLF9,0.240513,0.202923,0.256864,0.016351,-0.037590
KMT2B,0.519486,0.454608,0.524635,0.005148,-0.064878
KMT2E,0.212332,0.212581,0.207650,-0.004682,0.000249
KPNB1,0.401069,0.366367,0.394734,-0.006334,-0.034702
KRAS,0.508092,0.457109,0.492096,-0.015997,-0.050984
KRT10,0.543636,0.478570,0.530838,-0.012797,-0.065065
KRT14,0.167443,0.090307,0.151418,-0.016026,-0.077137
KRT17,0.196220,0.133323,0.168244,-0.027976,-0.062897
KRT5,0.196603,0.080715,0.207956,0.011353,-0.115888
KRT8,0.506020,0.448926,0.497503,-0.008518,-0.057095
KRT86,0.183424,0.169700,0.178043,-0.005381,-0.013724
LAMB2,0.248474,0.193732,0.244397,-0.004077,-0.054742
LAMTOR2,0.468589,0.414352,0.467603,-0.000987,-0.054237
LANCL1,0.329241,0.321493,0.326668,-0.002573,-0.007748
LARP1B,0.302925,0.288851,0.304291,0.001366,-0.014074
LARP7,0.256349,0.234520,0.242300,-0.014049,-0.021830
LCK,0.356447,0.264643,0.350790,-0.005657,-0.091804
LCP1,0.514352,0.437973,0.510009,-0.004342,-0.076379
LGALS1,0.257977,0.237161,0.233709,-0.024268,-0.020816
LIMCH1,0.105283,0.082421,0.074400,-0.030884,-0.022862
LIMK1,0.376827,0.341816,0.379248,0.002421,-0.035011
LINC00176,0.436384,0.403669,0.429515,-0.006869,-0.032715
LINGO1,0.065032,0.091304,0.120761,0.055729,0.026272
LLGL1,0.198916,0.174707,0.191711,-0.007205,-0.024209
LMF1,0.186696,0.139891,0.177347,-0.009349,-0.046805
LMNA,0.150556,0.185829,0.170971,0.020415,0.035272
LRRC8A,0.379302,0.340546,0.381743,0.002441,-0.038755
LRWD1,0.324313,0.250629,0.299017,-0.025297,-0.073685
LST1,0.350302,0.308141,0.365309,0.015006,-0.042161
LTB4R,0.268591,0.232573,0.289211,0.020620,-0.036018
LTBP3,0.279944,0.223524,0.264915,-0.015029,-0.056420
LTF,0.231565,0.086848,0.225875,-0.005691,-0.144717
LUC7L,0.440029,0.387410,0.430341,-0.009688,-0.052619
LUC7L3,0.480348,0.437828,0.483378,0.003030,-0.042520
LUM,0.523369,0.483848,0.529106,0.005737,-0.039521
LYL1,0.283408,0.231180,0.293581,0.010173,-0.052227
MAGEF1,0.388151,0.317616,0.370529,-0.017622,-0.070535
MAGI1,0.105050,0.097527,0.123597,0.018547,-0.007523
MAGOHB,0.458181,0.402198,0.455074,-0.003108,-0.055983
MAP1S,0.363000,0.304886,0.357904,-0.005096,-0.058114
MAP3K14,0.264109,0.230659,0.289524,0.025414,-0.033451
MAP3K6,0.400426,0.349359,0.400293,-0.000133,-0.051067
MAP4K2,0.251633,0.220065,0.249163,-0.002469,-0.031567
MAPK9,0.390445,0.343438,0.411190,0.020745,-0.047007
MAPKAPK5,0.405619,0.360898,0.413675,0.008056,-0.044721
MAPT,0.389155,0.349822,0.379812,-0.009342,-0.039333
MARS,0.530103,0.485542,0.549138,0.019035,-0.044561
MAVS,0.387527,0.340452,0.382289,-0.005238,-0.047074
MCTS1,0.470260,0.414122,0.446714,-0.023546,-0.056138
MDM2,0.450862,0.407634,0.452498,0.001637,-0.043227
MED13L,0.404778,0.355597,0.393319,-0.011459,-0.049181
MED25,0.442972,0.412833,0.439633,-0.003339,-0.030139
MELK,0.362305,0.323717,0.365852,0.003547,-0.038588
MEN1,0.307510,0.274231,0.308716,0.001206,-0.033279
METTL12,0.271356,0.243689,0.265379,-0.005977,-0.027668
METTL16,0.317117,0.282735,0.286418,-0.030699,-0.034382
MFAP4,0.193362,0.043953,0.190356,-0.003007,-0.149409
MFSD3,0.195949,0.167234,0.175758,-0.020190,-0.028714
MFSD7,0.160372,0.133546,0.169818,0.009445,-0.026826
MGMT,0.103699,0.059997,0.116221,0.012522,-0.043702
MGP,0.326702,0.130612,0.300315,-0.026387,-0.196090
MIA,0.073569,0.036691,0.059614,-0.013955,-0.036877
MIB2,0.296006,0.251113,0.287454,-0.008552,-0.044893
MICAL1,0.420440,0.383952,0.423742,0.003303,-0.036488
MICALL2,0.384924,0.319254,0.385144,0.000220,-0.065670
MID1IP1,0.589816,0.531141,0.575997,-0.013818,-0.058675
MIF,0.235089,0.223666,0.222213,-0.012876,-0.011423
MIIP,0.382977,0.332972,0.383839,0.000862,-0.050005
MKI67,0.490056,0.432993,0.478597,-0.011459,-0.057064
MKNK1,0.417809,0.373241,0.413717,-0.004092,-0.044568
MLLT4,0.173906,0.151776,0.172351,-0.001555,-0.022130
MLPH,0.572985,0.519616,0.560405,-0.012581,-0.053369
MLST8,0.394635,0.364250,0.387804,-0.006831,-0.030386
MMP11,0.433831,0.375502,0.426815,-0.007016,-0.058329
MMP9,0.397397,0.339266,0.399667,0.002270,-0.058131
MORC2,0.399348,0.363711,0.404257,0.004909,-0.035637
MPND,0.313274,0.294026,0.317933,0.004659,-0.019248
MPST,0.394590,0.371541,0.389709,-0.004880,-0.023048
MRPL2,0.258327,0.253074,0.270551,0.012223,-0.005253
MRPL21,0.537668,0.492525,0.525496,-0.012172,-0.045143
MRPL23,0.283590,0.274398,0.279660,-0.003930,-0.009192
MRPL51,0.560599,0.512991,0.564177,0.003578,-0.047608
MRPL54,0.296602,0.249665,0.286289,-0.010313,-0.046937
MRPS22,0.383801,0.342285,0.387346,0.003544,-0.041517
MS4A6A,0.531838,0.466402,0.531117,-0.000720,-0.065436
MST1R,0.477536,0.418970,0.459401,-0.018135,-0.058566
MTG2,0.409839,0.364534,0.393814,-0.016025,-0.045305
MTMR12,0.309435,0.277455,0.311201,0.001766,-0.031979
MUC1,0.228512,0.228573,0.255092,0.026580,0.000061
MUCL1,0.423700,0.370120,0.409480,-0.014221,-0.053580
MUS81,0.464002,0.435329,0.462279,-0.001723,-0.028673
MVP,0.376522,0.347149,0.353008,-0.023515,-0.029374
MX2,0.324931,0.332836,0.315124,-0.009807,0.007904
MYBL2,0.379359,0.351857,0.383082,0.003723,-0.027502
MYC,0.523037,0.470141,0.515696,-0.007341,-0.052897
MYH10,0.161037,0.114093,0.167453,0.006415,-0.046944
MYL12B,0.638822,0.576332,0.641024,0.002202,-0.062489
MYL6B,0.271251,0.256553,0.248646,-0.022604,-0.014697
MYL9,0.270865,0.191284,0.231113,-0.039752,-0.079581
MYO1G,0.252992,0.235492,0.269261,0.016268,-0.017500
MYO9B,0.404942,0.354636,0.409965,0.005024,-0.050306
MZT2A,0.373086,0.337194,0.355861,-0.017225,-0.035891
NAA10,0.395669,0.358269,0.387542,-0.008127,-0.037400
NANS,0.414387,0.393662,0.420380,0.005993,-0.020725
NAT1,0.645501,0.577518,0.642107,-0.003394,-0.067983
NCKAP1L,0.335255,0.280339,0.327194,-0.008062,-0.054917
NCKAP5L,0.140001,0.089802,0.133861,-0.006139,-0.050199
NDC80,0.309246,0.293870,0.310189,0.000944,-0.015375
NDRG1,0.465226,0.398122,0.475490,0.010265,-0.067104
NDUFA1,0.549142,0.493236,0.538363,-0.010779,-0.055906
NDUFA12,0.538368,0.495374,0.556301,0.017933,-0.042994
NDUFB2,0.588110,0.549706,0.583622,-0.004488,-0.038404
NDUFB3,0.619576,0.540122,0.602895,-0.016681,-0.079454
NDUFB9,0.444299,0.411978,0.453851,0.009552,-0.032322
NDUFC1,0.504519,0.454990,0.493126,-0.011393,-0.049529
NDUFS1,0.505303,0.447052,0.511861,0.006558,-0.058251
NDUFV3,0.413585,0.367908,0.410637,-0.002949,-0.045677
NEBL,0.491948,0.437236,0.490864,-0.001084,-0.054712
NEK7,0.415653,0.388120,0.416848,0.001194,-0.027533
NELFE,0.350353,0.317749,0.352615,0.002262,-0.032604
NFATC4,0.330154,0.290391,0.333644,0.003490,-0.039763
NFIC,0.399829,0.353497,0.389327,-0.010502,-0.046331
NINJ1,0.459048,0.433778,0.451890,-0.007158,-0.025270
NIT2,0.494417,0.449666,0.500359,0.005942,-0.044751
NMRAL1,0.424778,0.390455,0.430193,0.005415,-0.034323
NR1H2,0.373803,0.337518,0.363442,-0.010360,-0.036285
NR4A1,0.485984,0.444841,0.469879,-0.016105,-0.041143
NRP1,0.447875,0.398180,0.428387,-0.019488,-0.049695
NSMCE1,0.416680,0.390474,0.418539,0.001859,-0.026206
NTMT1,0.215123,0.188651,0.195898,-0.019225,-0.026472
NUF2,0.413782,0.375844,0.405398,-0.008384,-0.037938
NUP214,0.374922,0.333358,0.364901,-0.010021,-0.041564
NUP93,0.436540,0.389764,0.429148,-0.007392,-0.046776
NXN,0.122135,0.090423,0.092945,-0.029189,-0.031712
OASL,0.330579,0.307534,0.327971,-0.002608,-0.023044
OGFRL1,0.352994,0.309188,0.351189,-0.001805,-0.043806
OPTN,0.357561,0.329362,0.354490,-0.003071,-0.028199
ORC2,0.291816,0.255133,0.290312,-0.001504,-0.036683
ORC6,0.337963,0.300159,0.329965,-0.007999,-0.037805
OSBPL8,0.264316,0.227478,0.250004,-0.014312,-0.036838
P4HA2,0.383334,0.349849,0.385268,0.001934,-0.033484
PAF1,0.266375,0.220103,0.265208,-0.001167,-0.046272
PAFAH1B3,0.399080,0.342081,0.378427,-0.020653,-0.057000
PAQR4,0.430144,0.391534,0.434871,0.004727,-0.038609
PARN,0.390851,0.353642,0.374646,-0.016205,-0.037209
PCCB,0.482001,0.441641,0.481924,-0.000077,-0.040360
PCIF1,0.403786,0.358356,0.394195,-0.009591,-0.045430
PDCD5,0.587593,0.525198,0.580086,-0.007507,-0.062395
PDGFRA,0.210703,0.171929,0.219630,0.008927,-0.038774
PDGFRB,0.346218,0.314605,0.358512,0.012295,-0.031613
PER1,0.399062,0.364726,0.376387,-0.022674,-0.034336
PEX11G,0.174469,0.115087,0.199238,0.024768,-0.059383
PEX14,0.272007,0.227829,0.289185,0.017178,-0.044178
PGLS,0.411777,0.378835,0.401091,-0.010686,-0.032942
PGR,0.450631,0.409213,0.442779,-0.007852,-0.041418
PHF11,0.420710,0.386274,0.407688,-0.013022,-0.034436
PHF13,0.288103,0.240744,0.273683,-0.014421,-0.047359
PHF21A,0.289847,0.240027,0.299590,0.009743,-0.049819
PHGDH,0.272660,0.228791,0.249605,-0.023055,-0.043869
PHKB,0.408389,0.371394,0.401659,-0.006729,-0.036995
PIGQ,0.385325,0.359180,0.382763,-0.002562,-0.026145
PIH1D1,0.330709,0.309035,0.326391,-0.004317,-0.021674
PILRA,0.355039,0.323487,0.353207,-0.001831,-0.031552
PIM2,0.417915,0.349342,0.427170,0.009255,-0.068572
PITX1,0.326379,0.273846,0.322888,-0.003491,-0.052533
PKNOX1,0.319304,0.285010,0.309443,-0.009861,-0.034294
PLAC9,0.073244,0.086653,0.062889,-0.010356,0.013408
PLEKHO2,0.331943,0.318322,0.331960,0.000017,-0.013621
PLIN2,0.214935,0.197406,0.225732,0.010796,-0.017529
PLK1,0.469237,0.419835,0.468658,-0.000579,-0.049403
PLK2,0.384339,0.341789,0.362691,-0.021648,-0.042550
PLLP,0.371346,0.329911,0.377441,0.006095,-0.041434
PLP2,0.449773,0.407064,0.440647,-0.009126,-0.042709
PLPPR2,0.443663,0.414911,0.452377,0.008714,-0.028752
PLSCR1,0.491675,0.444811,0.496039,0.004364,-0.046864
PLTP,0.505576,0.459200,0.501924,-0.003652,-0.046376
PLVAP,0.315703,0.286917,0.302271,-0.013432,-0.028786
PLXNA1,0.463364,0.388381,0.455061,-0.008304,-0.074983
PLXND1,0.381586,0.355828,0.387375,0.005789,-0.025758
PMP22,0.505482,0.446691,0.488028,-0.017454,-0.058791
PNISR,0.221891,0.202383,0.224772,0.002881,-0.019508
PNMT,0.424043,0.394654,0.422638,-0.001405,-0.029389
PNP,0.330590,0.272767,0.307917,-0.022673,-0.057823
PNPLA6,0.341785,0.303964,0.345438,0.003653,-0.037821
PODNL1,0.180534,0.106653,0.117018,-0.063516,-0.073882
PODXL,0.320027,0.265133,0.330402,0.010376,-0.054894
POLR2E,0.440891,0.407052,0.434284,-0.006607,-0.033839
POLR2J,0.409707,0.362655,0.399762,-0.009945,-0.047052
POR,0.411524,0.387676,0.415992,0.004468,-0.023848
POSTN,0.455014,0.412450,0.448426,-0.006589,-0.042564
PPHLN1,0.469456,0.429592,0.472477,0.003021,-0.039864
PPIB,0.295267,0.272188,0.295408,0.000141,-0.023079
PPIH,0.395268,0.365189,0.393877,-0.001391,-0.030079
PPM1G,0.455386,0.415503,0.453747,-0.001639,-0.039883
PPP1R1A,0.030482,0.004640,-0.005665,-0.036147,-0.025841
PPP1R1B,0.363134,0.342051,0.373141,0.010006,-0.021083
PPP1R37,0.389647,0.338791,0.383688,-0.005960,-0.050857
PRKAB1,0.497231,0.437785,0.499004,0.001773,-0.059446
PRKCSH,0.457649,0.415150,0.442519,-0.015130,-0.042499
PROSER1,0.373018,0.320227,0.356126,-0.016892,-0.052791
PRPF6,0.427027,0.377806,0.407333,-0.019694,-0.049221
PRPSAP1,0.294207,0.246179,0.296300,0.002092,-0.048028
PSCA,0.068653,0.041190,0.109868,0.041215,-0.027463
PSMD4,0.442108,0.405303,0.442488,0.000379,-0.036805
PSTPIP1,0.329983,0.259184,0.322792,-0.007191,-0.070799
PTGDS,0.393625,0.349607,0.387540,-0.006085,-0.044018
PTOV1,0.425894,0.391008,0.413089,-0.012805,-0.034886
PTP4A3,0.215430,0.210903,0.208665,-0.006765,-0.004527
PTPRC,0.474824,0.418050,0.476455,0.001631,-0.056774
PTPRJ,0.439710,0.381230,0.436842,-0.002868,-0.058480
PTRF,0.143339,0.135547,0.153673,0.010334,-0.007792
PTRH1,0.164159,0.143318,0.163487,-0.000673,-0.020841
PTTG1,0.556520,0.505504,0.548407,-0.008113,-0.051016
PUS3,0.185616,0.168031,0.185725,0.000109,-0.017585
PWP1,0.407829,0.363725,0.409836,0.002007,-0.044104
PWWP2B,0.388861,0.358081,0.393248,0.004388,-0.030780
PXDN,0.395379,0.361743,0.382800,-0.012580,-0.033636
PYURF,0.410155,0.375323,0.392458,-0.017698,-0.034833
QSOX1,0.470793,0.410894,0.466190,-0.004603,-0.059899
R3HDM2,0.386528,0.344255,0.415308,0.028780,-0.042272
RAB11FIP1,0.556643,0.502936,0.546995,-0.009648,-0.053706
RAB3A,0.354005,0.299270,0.323881,-0.030124,-0.054735
RAB3GAP1,0.493387,0.438741,0.502086,0.008699,-0.054646
RAB3IL1,0.131346,0.067221,0.124521,-0.006825,-0.064124
RABGAP1L,0.402212,0.348643,0.404325,0.002113,-0.053569
RALBP1,0.288733,0.265828,0.268846,-0.019887,-0.022904
RALGAPA2,0.239662,0.242459,0.238791,-0.000870,0.002798
RAMP2,0.116864,0.060374,0.165837,0.048973,-0.056490
RAP1B,0.308312,0.294218,0.319625,0.011313,-0.014094
RARS2,0.369020,0.333644,0.356426,-0.012594,-0.035375
RASA2,0.266235,0.228710,0.262661,-0.003574,-0.037526
RASGRP2,0.283905,0.262317,0.293576,0.009671,-0.021589
RASSF3,0.321105,0.286659,0.325424,0.004319,-0.034446
RBL1,0.451546,0.415903,0.459197,0.007651,-0.035643
RBM42,0.493289,0.436807,0.481097,-0.012192,-0.056483
RECQL4,0.362915,0.316389,0.357261,-0.005654,-0.046526
RECQL5,0.229806,0.219999,0.245357,0.015552,-0.009807
REEP6,0.400508,0.360096,0.394693,-0.005815,-0.040412
RGS1,0.426911,0.384147,0.431251,0.004340,-0.042764
RHOB,0.590965,0.548356,0.589272,-0.001693,-0.042610
RIOK1,0.216034,0.168229,0.203983,-0.012051,-0.047806
RMND1,0.375554,0.342555,0.364659,-0.010895,-0.032999
RNASET2,0.540871,0.492696,0.541846,0.000975,-0.048175
RND3,0.380927,0.318614,0.379555,-0.001372,-0.062312
RNF135,0.319653,0.298166,0.314315,-0.005338,-0.021487
RNF170,0.259415,0.221654,0.255223,-0.004192,-0.037761
RRAS,0.459871,0.424143,0.456954,-0.002918,-0.035729
RRM2,0.556753,0.508141,0.550908,-0.005846,-0.048612
RSL1D1,0.395764,0.361496,0.404590,0.008826,-0.034267
RSRP1,0.353774,0.307273,0.332699,-0.021076,-0.046501
RUVBL1,0.414759,0.389284,0.393260,-0.021499,-0.025476
S100A14,0.336448,0.298846,0.324180,-0.012268,-0.037602
S100A9,0.224939,0.199235,0.215444,-0.009495,-0.025705
SAMM50,0.394279,0.372644,0.381673,-0.012606,-0.021635
SASH1,0.062429,-0.023615,-0.001414,-0.063842,-0.086044
SAT1,0.504374,0.449917,0.500096,-0.004278,-0.054457
SCAF1,0.335823,0.286823,0.318734,-0.017089,-0.049000
SCD,0.620502,0.549129,0.606789,-0.013713,-0.071373
SCNN1D,0.279736,0.254351,0.289002,0.009267,-0.025385
SCX,0.315284,0.291989,0.322876,0.007592,-0.023295
SDHB,0.529405,0.480673,0.528416,-0.000989,-0.048731
SEC14L2,0.433570,0.382173,0.430087,-0.003483,-0.051397
SEC23A,0.390526,0.352228,0.389937,-0.000589,-0.038298
SEMA3B,0.432898,0.388264,0.430628,-0.002270,-0.044634
SEMA4B,0.392830,0.367551,0.373350,-0.019480,-0.025280
SF3B4,0.515921,0.458398,0.508092,-0.007830,-0.057523
SFRP1,0.144598,0.072640,0.108484,-0.036114,-0.071958
SFSWAP,0.390640,0.342845,0.386804,-0.003835,-0.047795
SGTA,0.401417,0.377010,0.399772,-0.001646,-0.024407
SH3BP5L,0.312101,0.267668,0.309482,-0.002619,-0.044433
SIGLEC1,0.329696,0.296430,0.339782,0.010086,-0.033265
SIGMAR1,0.424058,0.388358,0.415716,-0.008342,-0.035700
SLC16A2,0.012842,0.017244,0.074220,0.061378,0.004402
SLC16A3,0.418104,0.394358,0.406210,-0.011894,-0.023746
SLC22A18,0.337916,0.310185,0.325155,-0.012761,-0.027731
SLC25A24,0.428359,0.376521,0.421149,-0.007210,-0.051839
SLC2A1,0.443334,0.401786,0.445980,0.002646,-0.041548
SLC2A8,0.273952,0.238070,0.280020,0.006067,-0.035883
SLC35A2,0.408534,0.363693,0.414826,0.006292,-0.044841
SLC39A6,0.633282,0.568179,0.625467,-0.007816,-0.065103
SLC43A1,0.252434,0.240207,0.256242,0.003808,-0.012227
SLC4A5,0.350248,0.317757,0.344811,-0.005437,-0.032492
SLC8B1,0.387211,0.342490,0.392163,0.004952,-0.044721
SLC9A3R2,0.381520,0.339933,0.371830,-0.009691,-0.041588
SLC9A8,0.397580,0.339885,0.396004,-0.001576,-0.057694
SLFN13,0.136685,0.107942,0.129374,-0.007311,-0.028743
SLPI,0.229616,0.110996,0.245827,0.016210,-0.118620
SMCHD1,0.480428,0.429425,0.481188,0.000760,-0.051003
SMG9,0.450114,0.410527,0.446448,-0.003666,-0.039587
SMYD2,0.332720,0.309786,0.321290,-0.011431,-0.022934
SNAPC3,0.339830,0.273262,0.327291,-0.012539,-0.066568
SNF8,0.330876,0.299754,0.310213,-0.020663,-0.031122
SNRPD3,0.494067,0.451927,0.479776,-0.014291,-0.042141
SNTA1,0.336624,0.306664,0.355272,0.018648,-0.029960
SNX33,0.233891,0.192127,0.200689,-0.033203,-0.041765
SNX8,0.333066,0.287773,0.336215,0.003149,-0.045293
SOD3,0.291126,0.276540,0.282491,-0.008635,-0.014587
SOS2,0.288177,0.257378,0.271668,-0.016509,-0.030799
SOX4,0.267679,0.223491,0.273492,0.005813,-0.044188
SP6,0.155550,0.095785,0.130507,-0.025043,-0.059765
SPAG9,0.401095,0.352875,0.390399,-0.010696,-0.048220
SPARC,0.482476,0.445186,0.492080,0.009604,-0.037289
SPIN1,0.390797,0.333919,0.386302,-0.004495,-0.056878
SPSB1,0.366746,0.320448,0.363590,-0.003156,-0.046298
SRGN,0.652113,0.571989,0.651026,-0.001087,-0.080124
SRPX2,0.171962,0.134070,0.177461,0.005498,-0.037893
SRR,0.309023,0.280202,0.303372,-0.005651,-0.028821
SRRT,0.503310,0.460067,0.499273,-0.004037,-0.043242
SRSF1,0.615228,0.548584,0.608216,-0.007012,-0.066644
SRSF5,0.572601,0.513248,0.565153,-0.007448,-0.059354
SSSCA1,0.342384,0.325826,0.360555,0.018171,-0.016558
STAMBP,0.447891,0.399037,0.440650,-0.007241,-0.048855
STAT5A,0.297824,0.271140,0.298677,0.000853,-0.026684
STK17A,0.409797,0.359204,0.410570,0.000773,-0.050593
STK4,0.427419,0.375075,0.433631,0.006212,-0.052344
STMN1,0.604257,0.525086,0.599104,-0.005153,-0.079171
STRN3,0.354832,0.336328,0.366929,0.012097,-0.018504
STT3A,0.396799,0.369518,0.410571,0.013771,-0.027281
SUGP1,0.276388,0.221732,0.267544,-0.008844,-0.054656
SURF1,0.284604,0.241234,0.270467,-0.014137,-0.043369
SVIL,0.135402,0.098920,0.150624,0.015222,-0.036482
SYDE1,0.179600,0.146481,0.155860,-0.023740,-0.033119
SYK,0.315620,0.278828,0.328718,0.013098,-0.036792
TACC3,0.397695,0.345112,0.385256,-0.012439,-0.052582
TANC2,0.605911,0.540858,0.587826,-0.018085,-0.065053
TARBP1,0.307109,0.262519,0.315667,0.008558,-0.044590
TAX1BP1,0.446877,0.433506,0.452755,0.005878,-0.013371
TAX1BP3,0.370210,0.334843,0.370192,-0.000018,-0.035367
TBC1D10A,0.422957,0.364352,0.419645,-0.003312,-0.058605
TBC1D23,0.450882,0.415384,0.441879,-0.009003,-0.035499
TBCA,0.411386,0.350751,0.405063,-0.006323,-0.060635
TBXAS1,0.432454,0.386733,0.442984,0.010530,-0.045721
TCEA2,0.390528,0.357989,0.377705,-0.012823,-0.032539
TCEA3,0.553359,0.511928,0.566981,0.013623,-0.041431
TCF25,0.372294,0.376139,0.373412,0.001118,0.003845
TDRD3,0.284302,0.267680,0.283514,-0.000788,-0.016622
TESK1,0.439308,0.417512,0.445755,0.006447,-0.021796
TESMIN,0.560931,0.489549,0.548051,-0.012880,-0.071383
TEX10,0.303122,0.228740,0.286882,-0.016240,-0.074382
TEX2,0.589305,0.525404,0.596652,0.007347,-0.063901
TFF3,0.203151,0.215866,0.195232,-0.007919,0.012715
TGFBR2,0.305307,0.289804,0.327920,0.022614,-0.015502
THBS1,0.359700,0.316258,0.356090,-0.003609,-0.043442
THOC5,0.273560,0.254122,0.258096,-0.015464,-0.019438
THOC6,0.292671,0.274667,0.275246,-0.017425,-0.018004
TIGD5,0.246416,0.199170,0.243245,-0.003171,-0.047245
TIMP1,0.383808,0.352708,0.398226,0.014418,-0.031100
TJP3,0.529017,0.477902,0.529646,0.000629,-0.051115
TM7SF2,0.421769,0.378110,0.414640,-0.007129,-0.043659
TMBIM6,0.515466,0.467144,0.502377,-0.013089,-0.048322
TMEM101,0.272186,0.248107,0.266130,-0.006056,-0.024080
TMEM123,0.609897,0.531360,0.606963,-0.002934,-0.078536
TMEM14B,0.604580,0.545961,0.589045,-0.015535,-0.058619
TMEM160,0.357565,0.323238,0.352862,-0.004704,-0.034327
TMEM184A,0.378106,0.363046,0.387226,0.009120,-0.015060
TMEM259,0.500304,0.454420,0.491751,-0.008552,-0.045883
TMEM45B,0.388064,0.341577,0.388259,0.000196,-0.046486
TMEM86A,0.282945,0.251727,0.281739,-0.001206,-0.031218
TMX1,0.556598,0.501201,0.558172,0.001574,-0.055398
TNC,0.571072,0.498724,0.572465,0.001393,-0.072349
TNFRSF14,0.404594,0.358723,0.387929,-0.016664,-0.045871
TNFRSF21,0.207485,0.160739,0.161870,-0.045615,-0.046746
TNFRSF4,0.320379,0.268553,0.330384,0.010005,-0.051826
TNNT1,0.400956,0.364986,0.398132,-0.002824,-0.035969
TOM1L2,0.319651,0.310779,0.322580,0.002929,-0.008872
TP53I3,0.250484,0.206546,0.247597,-0.002888,-0.043938
TPM2,0.326328,0.311463,0.321922,-0.004406,-0.014865
TRAC,0.414068,0.353824,0.420498,0.006430,-0.060244
TRAF5,0.365949,0.343976,0.387156,0.021207,-0.021973
TRAP1,0.426893,0.389904,0.416722,-0.010170,-0.036989
TRAPPC4,0.510810,0.479503,0.514969,0.004159,-0.031307
TRIM14,0.381922,0.357999,0.383214,0.001292,-0.023923
TRIM22,0.420332,0.376698,0.433795,0.013463,-0.043634
TRIM25,0.424066,0.400480,0.427343,0.003277,-0.023587
TRIM47,0.376870,0.353792,0.377732,0.000861,-0.023078
TSPAN33,0.212478,0.180761,0.204571,-0.007906,-0.031716
TSR2,0.259050,0.254147,0.244883,-0.014167,-0.004903
TTC31,0.387151,0.354995,0.389297,0.002146,-0.032156
TTI1,0.363336,0.340099,0.358135,-0.005202,-0.023237
TXN2,0.434247,0.398861,0.433029,-0.001218,-0.035386
TXNDC17,0.614913,0.566872,0.610118,-0.004795,-0.048042
TXNRD2,0.426454,0.391978,0.418128,-0.008326,-0.034476
TYMS,0.613980,0.561863,0.616414,0.002434,-0.052116
TYROBP,0.476187,0.428746,0.484981,0.008794,-0.047441
UBA52,0.270069,0.202224,0.248767,-0.021302,-0.067845
UBA6,0.484694,0.442011,0.484486,-0.000208,-0.042683
UBAP2L,0.550335,0.492275,0.552344,0.002009,-0.058060
UBE2C,0.470116,0.438374,0.461282,-0.008834,-0.031742
UBE2T,0.522859,0.471606,0.507694,-0.015165,-0.051253
UBE2W,0.429518,0.368138,0.419233,-0.010284,-0.061379
UBL7,0.359820,0.320997,0.360611,0.000790,-0.038823
UBR2,0.353120,0.311728,0.365255,0.012135,-0.041392
UBXN1,0.399555,0.358905,0.388360,-0.011195,-0.040650
UCK1,0.376514,0.322315,0.374447,-0.002067,-0.054198
UFD1L,0.512171,0.459953,0.507727,-0.004444,-0.052218
UQCRC1,0.394289,0.369578,0.384362,-0.009926,-0.024711
UXS1,0.439187,0.376295,0.435545,-0.003642,-0.062892
UXT,0.412984,0.379366,0.410576,-0.002409,-0.033619
VARS,0.391416,0.364297,0.393053,0.001637,-0.027120
VAV1,0.295932,0.260363,0.272436,-0.023496,-0.035569
VCAM1,0.466821,0.413472,0.466389,-0.000432,-0.053348
VEGFB,0.393195,0.365659,0.394540,0.001344,-0.027536
VIM,0.477211,0.421181,0.482948,0.005736,-0.056030
VPS13D,0.432601,0.381580,0.421895,-0.010706,-0.051021
VPS45,0.405851,0.366702,0.416190,0.010339,-0.039150
VWF,0.261093,0.246897,0.272741,0.011649,-0.014195
WDFY3,0.378021,0.348194,0.381280,0.003260,-0.029826
WDR13,0.360772,0.303210,0.359115,-0.001657,-0.057562
WDR34,0.365770,0.319483,0.350043,-0.015728,-0.046288
WDR46,0.456730,0.412527,0.438805,-0.017925,-0.044203
WDR73,0.349762,0.300687,0.351035,0.001273,-0.049075
WDR74,0.432161,0.391195,0.440846,0.008685,-0.040966
WIPF1,0.442833,0.406008,0.442029,-0.000804,-0.036825
XAB2,0.298607,0.281024,0.292904,-0.005704,-0.017583
XIAP,0.179580,0.164528,0.176129,-0.003451,-0.015051
XPO6,0.550102,0.491910,0.552173,0.002071,-0.058192
YIPF4,0.360582,0.338324,0.339879,-0.020703,-0.022258
YTHDC1,0.421823,0.380387,0.424837,0.003015,-0.041435
ZDHHC12,0.441780,0.398968,0.447222,0.005442,-0.042812
ZFAND3,0.441512,0.407517,0.451990,0.010479,-0.033995
ZFP36,0.603125,0.544375,0.592962,-0.010162,-0.058749
ZFPL1,0.335293,0.293476,0.327998,-0.007295,-0.041818
ZFR,0.375839,0.349066,0.378401,0.002562,-0.026774
ZG16B,0.395470,0.347865,0.380853,-0.014617,-0.047605
ZMAT5,0.476130,0.432823,0.477967,0.001837,-0.043306
ZMYND19,0.462974,0.395168,0.455341,-0.007633,-0.067806
ZMYND8,0.359729,0.316177,0.353902,-0.005827,-0.043552
ZNF217,0.400783,0.344533,0.395596,-0.005187,-0.056250
ZNF337,0.378354,0.343135,0.360227,-0.018128,-0.035219
ZNF33B,0.375445,0.323820,0.371134,-0.004311,-0.051625
ZNF362,0.259090,0.220194,0.253485,-0.005604,-0.038896
ZNF524,0.264628,0.257567,0.249233,-0.015395,-0.007061
ZNF592,0.294936,0.270554,0.276850,-0.018086,-0.024382
ZNF644,0.249624,0.230831,0.242842,-0.006782,-0.018793
ZNF668,0.416945,0.362194,0.413337,-0.003607,-0.054751
ZNF771,0.285831,0.236832,0.275210,-0.010622,-0.048999
ZNF787,0.370587,0.335800,0.381380,0.010793,-0.034787
ZNF791,0.138727,0.127892,0.137904,-0.000822,-0.010835
ZNF83,0.414722,0.352293,0.413678,-0.001044,-0.062429
ZNF91,0.149507,0.102036,0.155983,0.006476,-0.047471
ZNRF1,0.399642,0.386456,0.393719,-0.005922,-0.013186
ZSWIM8,0.471537,0.426715,0.474253,0.002716,-0.044822
